Workbook
Name _Don1: 'Variable Management'!$B$34
Name _Don2: 'Variable Management'!$B$49
Name Acs: 'Variable Management'!$B$223
Name Acs_Ch2: 'Variable Management'!$D$223
Name Adc: 'Stability Calculations'!$U$3
Name AEA: 'Variable Management'!$B$221
Name Afb: 'Variable Management'!$B$222
Name Afb_Ch2: 'Variable Management'!$D$222
Name Afbr: 'Stability Calculations'!$Q$6
Name Am: 'Variable Management'!$B$225
Name Am_buck: 'Variable Management'!$B$224
Name Am_buck_Ch2: 'Variable Management'!$D$224
Name Am_Ch2: 'Variable Management'!$D$225
Name Attn_req: 'Variable Management'!$B$284
Name BODE_PLOT_Ch1: 'Bode Plot Management'!$B$5
Name BODE_PLOT_Ch2: 'Bode Plot Management'!$B$8
Name BODE_PLOT_TYPE: 'Variable Management'!$AA$10
Name Buck_CS_threshold: 'Variable Management'!$B$85
Name Buck_CS_threshold_max: 'Variable Management'!$B$86
Name Buck_CS_threshold_min: 'Variable Management'!$B$84
Name Cb: 'Variable Management'!$B$194
Name Cbw: 'Variable Management'!$B$219
Name Cby: 'Variable Management'!$B$193
Name Cc1ea: 'Variable Management'!$B$242
Name Cc1ea_u: 'Variable Management'!$B$248
Name Cc2ea: 'Variable Management'!$B$243
Name Cc2ea_u: 'Variable Management'!$B$249
Name Cc3ea: 'Variable Management'!$D$242
Name Cc3ea_u: 'Variable Management'!$D$248
Name Cc4ea: 'Variable Management'!$D$243
Name Cc4ea_u: 'Variable Management'!$D$249
Name Ccomp_AEF: 'Variable Management'!$D$297
Name Cdamp_AEFstd: 'Standard Value Calculator'!$N$4
Name Cdamp_PassiveStd: 'Standard Value Calculator'!$L$4
Name CdampCom: 'Input Filter Calculations'!$AE$5
Name CdampPssv: 'Input Filter Calculations'!$M$5
Name CdampSel: 'Variable Management'!$D$295
Name Cdither: 'Variable Management'!$B$193
Name Cdither_init: 'Variable Management'!$B$192
Name Cfb: 'Variable Management'!$B$261
Name Cff: 'Variable Management'!$B$260
Name CfilterPssv: 'Input Filter Calculations'!$M$4
Name Ch2_VOUT: 'Variable Management'!$O$16
Name Cin: 'Variable Management'!$B$150
Name Cin_PassiveStd: 'Standard Value Calculator'!$K$4
Name CinEsrMax: 'Variable Management'!$B$154
Name Cinj_AEF: 'Variable Management'!$B$293
Name Cinj_AEFstd: 'Standard Value Calculator'!$M$4
Name CinjCom: 'Input Filter Calculations'!$AE$4
Name CinjSel: 'Variable Management'!$D$293
Name Cinmin: 'Variable Management'!$B$147
Name COMP_TYPE: 'Variable Management'!$AA$21
Name Core_Loss_Ch1: 'Variable Management'!$B$73
Name Coss_Q1: 'Variable Management'!$B$336
Name Coss_Q2: 'Variable Management'!$D$336
Name Cout: 'Variable Management'!$B$122
Name Cout_ESR: 'Variable Management'!$B$126
Name Cout_min: 'Variable Management'!$B$120
Name Cout2: 'Variable Management'!$D$122
Name Cout2_ESR: 'Variable Management'!$D$126

Sheet Design Regulator
A1: LM(2)5148/-Q1 Synchronous Buck Controller Design Tool
N2: http://www.ti.com/product/lm5175
A3: About | C3: xx | F3: = Input Box | N3: TERMS OF USE
A5: Step 1: Operating Specifications
D6: Input Voltage – Min, VIN(min) | E6: 10 | F6: V
D7: Input Voltage – Nom, VIN(nom) | E7: 12 | F7: V
D8: Input Voltage – Max, VIN(max) | E8: 18 | F8: V
D9: Output Voltage, VOUT | E9: 5 | F9: V
D10: Full Load Output Current, IOUT | E10: 8 | F10: A
D11: Switching Frequency, FSW | E11: 2100 | F11: kHz
D12: Frequency Set Resistor, RT | E12: ='Variable Management'!C443 | F12: kΩ
D13: Ambient Temperature, TA | E13: 25 | F13: °C
A15: Step 2: Current Sense Resistor
D16: Required IOCP Setpoint at VIN(nom) | E16: 7 | F16: A
D17: Recommended Shunt Resistance | E17: =Rs_ideal*1000 | F17: mΩ
D18: Shunt Resistance, RS | E18: 4.6 | F18: mΩ
D19: Min Inductor Sat Current, ILO(SAT) | E19: ='Variable Management'!B95 | F19: A
D20: Max Power Loss in Shunt | E20: ='Variable Management'!B105 | F20: W
D21: VIN(min) | E21: ='Variable Management'!B97 | F21: A
C22: IOUT(typ) at OCP Inception: | D22: VIN(nom) | E22: ='Variable Management'!B98 | F22: A
D23: VIN(max) | E23: ='Variable Management'!B99 | F23: A
A25: Step 3: Buck Inductance
D26: Inductance for Ideal Slope Comp | E26: =Lopt*1000000 | F26: µH
D27: Inductance, LO | E27: 2.2 | F27: µH
D28: Inductor DCR | E28: 3.5 | F28: mΩ
D29: DIL as a % at VIN(nom) | E29: ='Variable Management'!B68*100 | F29: %
D30: Estimate Core Loss at VIN(nom) | E30: 0.2 | F30: W
A32: Step 4: Output Capacitors
D33: Output Voltage Ripple Spec | E33: 50 | F33: mVPK=PK
D34: Minimum Output Capacitance | E34: ='Variable Management'!B121 | F34: µF
D35: Output Capacitance (derated), COUT | E35: 200 | F35: µF | K35: =CHOOSE(SCH_MODE, "", "** For Single-Output Operation in 2-Phase Mode, tie MODE to VDDA and use FB1 to set VOUT **", "** For Single-Output Operation in 3-Phase Mode, tie both MODE pins to VDDA. Use FB1 of master IC to set VOUT. Connect FB2 of master IC to AGND. Connect FB2 of slave IC to VDDA to configure it as a slave **", "** For Single-Output Operation in 4-Phase Mode, tie both MODE pins to VDDA. Use FB1 of master IC to set VOUT. Connect FB2 of master IC to AGND. Connect FB2 of slave IC to VDDA to configure it as a slave **")
D36: Maximum Permitted ESR | E36: ='Variable Management'!B125 | F36: mΩ
D37: Output Capacitor ESR | E37: 1 | F37: mΩ | K37: =CHOOSE(SCH_MODE, "", "** Tie VCCX to GND if not used **", "** Slave controller (CNTRL2) not shown **","** Slave controller (CNTRL2) not shown **") | P37: =IF(SCH_MODE=1, "** Tie VCCX to GND if not used **", "")
D38: Resulting Output Voltage Ripple (max) | E38: ='Variable Management'!B127*1000 | F38: mVPK-PK | K38: =IF(OR(SCH_MODE=3, SCH_MODE=4),"** Tie VCCX to GND if not used **", "")
D39: Output Capacitor RMS Current (max) | E39: ='Variable Management'!B114 | F39: ARMS
A41: Step 5: Input Capacitors
D42: Input Voltage Ripple Spec | E42: 400 | F42: mVPK-PK
D43: Minimum Input Capacitance | E43: ='Variable Management'!B148 | F43: µF
D44: Input Capacitance (derated), CIN | E44: 30 | F44: µF
D45: Maximum Permitted ESR | E45: ='Variable Management'!B155 | F45: mΩ
D46: Input Capacitor ESR | E46: 1 | F46: mΩ
D47: Resulting Input Voltage Ripple (max) | E47: ='Variable Management'!B162*1000 | F47: mVPK-PK
D48: Input Capacitor RMS Current (max) | E48: ='Variable Management'!B138 | F48: ARMS
D49: AEF Filter Inductor | E49: 0.68 | F49: µH
A50: Step 6: Precision Enable, DRSS, FPWM / PFM
D53: Input Voltage UVLO Turn On | E53: 22 | F53: V
D54: Input Voltage UVLO Turn Off | E54: 20 | F54: V
D55: Upper Enable Resistor, RUV1 | E55: =IF(UVLO_TYPE=1,'Variable Management'!B188,0) | F55: kΩ
D56: Lower Enable Resistor, RUV2 | E56: =IF(UVLO_TYPE=1,'Variable Management'!B189,"DNP") | F56: kΩ
D57: Configuration Resistor, RCNFG | E57: =IF(DITHER=1,"41.2","29.4") | F57: kΩ
D58: =IF(DEMB=1, "* Tie PFM to GND", "* Tie PFM to VDDA")
A60: Step 7: Compensation Design
D61: Load Pole Frequency | E61: =Fp_dominant | F61: Hz
D62: ESR Zero Frequency | E62: =Fesr/1000 | F62: kHz
D63: Desired Crossover Frequency | E63: 40 | F63: =" kHz "
D64: Error Amp Pole Frequency | E64: =Fp1_u | F64: Hz
D65: =CHOOSE(VOUT_setting, "Upper Feedback Resistor","","","") | E65: 78.7 | F65: kΩ
D66: =CHOOSE(VOUT_setting, "Lower Feedback Resistor", "* Connect "&'Variable Management'!D419&" from FB to VDDA","* Tie FB to VDDA","* Connect "&'Variable Management'!D419&" from FB to VDDA") | E66: =IF(Vout=Vref,"OPEN",Rfb2_u/1000) | F66: =IF(Vout=Vref,"","kΩ")
D67: =CHOOSE(VOUT_setting, "Actual Output Voltage Setpoint","","","") | E67: =0.8/E66*(E65+E66) | F67: V
A69: Compensation Components
B70: Calculated / | C70: Std Values | D70: =C70 | F70: Actual P/Z Frequencies
A71: RC1 | B71: =Rcea1/1000 | C71: ='Standard Value Calculator'!S32 | D71: =C71 | E71: kΩ | F71: =Fp1_u | G71: Hz (FPEA)
A72: CC1 | B72: =Cc1ea*1000000000 | C72: ='Standard Value Calculator'!S33 | D72: =C72 | E72: nF | F72: =Fz1_u/1000 | G72: kHz (FZCOMP)
A73: CC2 | B73: =IF(Cc2ea<0, "N/A", Cc2ea*1000000000000) | C73: ='Standard Value Calculator'!S34 | D73: =C73 | E73: pF | F73: =Fp2_u/1000 | G73: kHz (FPCOMP)
A76: Efficiency / Power Loss Analyzer
A78: Step 8: Efficiency
F79: Power MOSFETs | G79: (Q1, Q2)
E80: '852, '824
E81: High-side | F81: Low-side
D82: On-State Resistance, RDS(on) | E82: 12 | F82: 4.1 | G82: mΩ
D83: Total Gate Charge, QG | E83: 8 | F83: 25 | G83: nC
D84: Gate-Drain Charge, QGD | E84: 2.9 | F84: 9 | G84: nC
D85: Gate-Source Charge, QGS | E85: 3.1 | F85: 8.7 | G85: nC
D86: Output Charge, QOSS | F86: 30 | G86: nC
D87: Output Capacitance, COSS | E87: 116 | F87: 366 | G87: pF
D88: Gate Resistance, RG | E88: 1.2 | F88: 1.2 | G88: Ω
D89: Transconductance, gFS | E89: 55 | F89: 178 | G89: S
D90: Gate-Source Threshold Voltage, VTH | E90: 3.1 | F90: 3 | G90: V
D91: Body Diode Forward Voltage, VBD | E91: 0.7 | F91: 0.7 | G91: V
D92: Body Diode Rev Recovery Charge, QRR | F92: 59 | G92: nC
D93: Thermal Resistance, θJA | E93: 42 | F93: 40.7 | G93: °C/W
A95: External Schottky Diode (if applicable)
D96: Schottky Fwd Voltage, VFWDsch | F96: 0 | G96: V
D97: Schottky Rev Recovery Charge, QRRsch | F97: 0 | G97: nC
A101: Step 9: IC Power Loss
D102: IC Power Dissipation | E102: ='Variable Management'!B362 | F102: W
D103: IC Junction Temperature (estimate) | E103: ='Variable Management'!B364 | F103: °C
E104: =CHOOSE(Ext_VCC, "", "* Tie VCCX to PGND")

Sheet Input Filters
A1: LM(2)5149-Q1 Synchronous Buck Controller Design Tool
O2: http://www.ti.com/product/lm5175
A3: About | C3: xx | F3: = Input Box | O3: TERMS OF USE
E7: AEF | M7: Passive
B9: Design tab - LAEF | C9: ='Design Regulator'!E49 & " µH" | F9: LAEF | G9: 1 | H9: µH | J9: Suggested LIN Inductor | K9: 0.1-10 | L9: µH | N9: Chosen LIN | O9: 0.68 | P9: µH
B10: Design tab - CINJ | C10: ='Design Regulator'!#REF! & " µF" | F10: CINJ | G10: 1 | H10: µF | J10: Suggested CF | K10: 0.1-10 | L10: µF | N10: Chosen CF | O10: 0.47 | P10: µF
B11: Design tab - CDAMP | C11: ='Design Regulator'!#REF! & " µF" | F11: CDAMP | G11: 1 | H11: µF | J11: Suggested CDAMP | K11: 1-10 | L11: µF | N11: Chosen CDAMP | O11: 1 | P11: µF
B12: Design tab - RDAMP | C12: ='Design Regulator'!#REF! & " Ω" | F12: RDAMP | G12: 10 | H12: Ω | J12: Suggested RDAMP | K12: =Rdamp_PassiveStd | L12: Ω | N12: Chosen RDAMP | O12: 0.35 | P12: Ω
C14: VIN Ripple at Fsw | F14: =VinRipple_dBuV | G14: dBµV | H14: VIN Ripple | I14: =VinRipple_dBuV | J14: dBµV
D16: AEF Attenuation at Fsw | E16: =-'Input Filter Calculations'!AM97 | F16: dB | L16: Passive Attenuation at Fsw | M16: =-'Input Filter Calculations'!AA97 | N16: dB
D17: AEF EMI at Fsw | E17: =VinRipple_dBuV-E16 | F17: dB-µV | L17: Passive EMI at Fsw | M17: =VinRipple_dBuV-M16 | N17: dB-µV

Sheet Design Input Filter
A1: LM5149-Q1 Synchronous Buck Controller Design Tool
O2: http://www.ti.com/product/lm5175
A3: About | C3: xx | F3: = Input Box | O3: TERMS OF USE
B7: Choose Filter
B8: Suggested Inductor | C8: =CHOOSE(INFILTER_TYPE,"","0.01-1","0.1-10") | D8: µH | F8: Chosen Inductor | G8: 1 | H8: µH
B9: =CHOOSE(INFILTER_TYPE,"","Suggested Cinj","Suggested Cf") | C9: =CHOOSE(INFILTER_TYPE,"",'Standard Value Calculator'!S24,'Standard Value Calculator'!S23) | D9: µF | F9: =CHOOSE(INFILTER_TYPE,"","Chosen Cinj","Chosen Cf") | G9: 0.068 | H9: µF
B10: Suggested Cdamp | C10: =CHOOSE(INFILTER_TYPE,"",CHOOSE(OSC,"DNP",'Standard Value Calculator'!S25),'Standard Value Calculator'!S28) | D10: µF | F10: Chosen Cdamp | G10: 0.033 | H10: µF
B11: Suggested Rdamp | C11: =CHOOSE(INFILTER_TYPE,"",'Standard Value Calculator'!S26,Rdamp_PassiveStd) | D11: Ω | F11: Chosen Rdamp | G11: 43.2 | H11: Ω
F12: Filter Attenuation | G12: =-'Variable Management'!B303 | H12: dB
F13: VIN Ripple | G13: =VinRipple_dBuV | H13: dB-µV
F14: Fsw Conducted EMC | G14: ='Variable Management'!B304 | H14: dB-µV

Sheet BOM & Schematic
I33: =IF(OR(SCH_MODE=3, SCH_MODE=4),"** Tie VCCX to GND if not used **", "")
A34: ** Tie PFM to VDDA for PFM, AGND for FPWM **
A35: ** Tie VCCX to GND if not used **
A36: ="Vin = "&VIN_min&"V to "&VIN_max&"V, Vout = "& Vout &"V, Iout = " &Iout & "A, Fsw = " & Fsw/1000 &"kHz, Current Limit = "&ROUNDUP(Ilimit_DC,0)&"A"
A37: High-Efficiency Synchronous Buck Regulator BOM
A38: Count | B38: Ref Des | C38: Value | D38: Description | H38: Size | I38: Part Number | J38: MFR
A39: 1 | B39: CBOOT | C39: 0.1 | D39: =C39 | H39: 0603 | I39: Std | J39: Std
A40: 1 | B40: CCOMP | C40: ='Design Regulator'!D72 | D40: =C40 | H40: 0603 | I40: Std | J40: Std
A41: 1 | B41: CHF | C41: ='Design Regulator'!D73 | D41: =C41 | H41: 0603 | I41: Std | J41: Std
A42: =ROUNDUP('Design Regulator'!E44/10,0) | B42: CIN | C42: 10 | D42: =C42 | H42: 1210 | I42: Std | J42: Std
A43: =ROUNDUP('Design Regulator'!E35/47,0) | B43: COUT | C43: 47 | D43: =C43 | H43: 1210 | I43: Std | J43: Std
A44: 2 | B44: CVCC, CVCCX | C44: 2.2 | D44: =C44 | H44: 0603 | I44: Std | J44: Std
A45: 1 | B45: CVDDA | C45: 0.47 | D45: =C45 | H45: 0603 | I45: Std | J45: Std
A46: 1 | B46: LO | C46: ='Design Regulator'!E27 | D46: ="Inductor, "&Lf*1000000&"µH, "&Rdcr*1000&"mΩ, >"&ROUNDUP(Ilimit_DC*1.1,0)&"A" | H46: - | I46: - | J46: Various
A47: 2 | B47: Q1, Q2 | C47: See description | D47: ='Design Regulator'!E82 | H47: Std | I47: ='Design Regulator'!E80 | J47: -
A48: 1 | B48: RCOMP | C48: ='Design Regulator'!D71 | D48: =C48 | H48: 0603 | I48: Std | J48: Std
A49: 1 | B49: RS | C49: =Rs*1000 | D49: =C49 | H49: 0508 | I49: Std | J49: Std
A50: 1 | B50: RT | C50: ='Design Regulator'!E12 | D50: =C50 | H50: 0603 | I50: Std | J50: Std
A51: 1 | B51: RFB1 | C51: ='Design Regulator'!E65 | D51: =C51 | H51: 0603 | I51: Std | J51: Std
A52: 1 | B52: RFB2 | C52: ='Design Regulator'!E66 | D52: =C52 | H52: 0603 | I52: Std | J52: Std
A53: 1 | B53: RPG | C53: 100 | D53: =C53 | H53: 0603 | I53: Std | J53: Std
A54: 1 | B54: RCS | C54: 100 | D54: =C54 | H54: 0603 | I54: Std | J54: Std
A55: 1 | B55: RVIN | C55: 2.2 | D55: =C55 | H55: 0603 | I55: Std | J55: Std
A56: 1 | B56: U1 | C56: ='Variable Management'!P29 | D56: =CHOOSE(VARIANT, "IC, LM5148, Synchronous Buck PWM Controller, 3.5V–80V Input", "IC, LM5148-Q1, Synchronous Buck PWM Controller, 3.5V–80V Input", "IC, LM25148, Synchronous Buck PWM Controller, 3.5V–42V Input", "IC, LM25148-Q1, Synchronous Buck PWM Controller, 3.5V–42V Input") | H56: VQFN-24 | I56: =CHOOSE(VARIANT, "LM5148RGYR", "LM5148QRGYRQ1", "LM25148RGYR", "LM25148QRGYRQ1") | J56: TI
A59: NOTES:
A60: ** Inductor saturation current should be higher than the peak inductor current at the OCP setpoint for all input voltages and operating temperatures **
A61: ** Effective input and output capacitances should be appropriately derated for applied voltage and temperature, particularly with ceramics **

Sheet EVM
A1: LM25149-Q1 Quickstart Design Tool
B6: LM25149-Q1EVM-2100 PCB Layout

Sheet Variable Management
A1: EXCEL Variables Names/Calculations
B2: Input from user =
B3: Output =
B4: Constant
A5: Variable Name | B5: Value | C5: STD Units | E5: Notes | I5: Iteration
A6: Step 1: Operational Specs
A7: VIN_min | B7: ='Design Regulator'!E6 | C7: V | D7: Minimum input voltage | I7: 1
A8: VIN_nom | B8: ='Design Regulator'!E7 | C8: V | D8: Nominal input voltage | K8: =CHOOSE(SCH_MODE, "Efficiency vs. IOUT (Ch1)", "Efficiency vs. IOUT - 2 Ph", "Efficiency vs. IOUT - 3 Ph", "Efficiency vs. IOUT - 4 Ph") | L8: 1 | N8: DRSS Enabled | O8: 1 | T8: Dual Outputs | U8: 1 | W8: FPWM | X8: 1 | Z8: =CHOOSE(SCH_MODE, "Bode Plot (Ch1)", "Bode Plot - 2 Ph", "Bode Plot - 3 Ph", "Bode Plot - 4 Ph") | AA8: 1
A9: VIN_max | B9: ='Design Regulator'!E8 | C9: V | D9: Maximum input voltage | K9: =IF(MODE=1, "Efficiency vs. IOUT (Ch2)", "N/A - Do Not Use") | L9: 2 | N9: DRSS Disabled | O9: 2 | T9: Single Output – 2 Phases | U9: 2 | W9: PFM | X9: 2 | Z9: =IF(MODE=1, "AEF Gain", "N/A - Do Not Use") | AA9: 2
K10: PLOT_TYPE | L10: 1 | N10: DRSS Yes/No | O10: 1 | P10: 1 = Yes, 2 = No | T10: Single Output – 3 Phases | U10: 3 | W10: FPWM/PFM | X10: 1 | Z10: BODE_PLOT_TYPE | AA10: 1
A11: Vout | B11: ='Design Regulator'!E9 | C11: V | D11: Output voltage - channel 1 | T11: Single Output – 4 Phases | U11: 4
A12: Iout | B12: ='Design Regulator'!E10 | C12: A | D12: Output current - channel 1 | I12: 1 | T12: Single/Dual Yes/No | U12: 1
I13: 1 | K13: Adjustable | L13: 1 | N13: 3.3V | O13: 1 | T13: MODE (Single/Dual), DUAL = 1, SINGLE = 2 | U13: =IF(U12=1, 1, 2) | W13: VCCX Connected | X13: 1
A14: Rout | B14: =Vout/Iout | C14: W | D14: Load resistance - Channel 1 | K14: 5V | L14: 2 | N14: 5V | O14: 2 | T14: SINGLE OUTPUT (1 = YES) | U14: =IF(U12=1, 2, 1) | W14: No External VCC | X14: 2
K15: 3.3V | L15: 3 | N15: Adjustable | O15: 3 | T15: Number of Phases | U15: =SCH_MODE | W15: Ext_VCC | X15: 1
A16: Pout | B16: =Vout*Iout | C16: W | D16: Output power | K16: 12V | L16: 4 | N16: Output Setting | O16: =IF(Vout2=3.3, 1, IF(Vout2=5, 2, 3))
K17: Output Voltage Setting | L17: =IF(Vout=3.3, 3, IF(Vout=5, 2, IF(Vout=12,4,1)))
A18: Efficiency | B18: 0.9 | D18: Estimate of efficiency
A19: Pin | B19: =Pout/Efficiency | C19: W | D19: Calculate input power assuming finite efficiency | Z19: Internal Compensation | AA19: 1
Z20: External Compensation | AA20: 2
A21: Iin_Vinmin | B21: =Pin/VIN_min | C21: A | L21: =Vout | Z21: COMP_TYPE | AA21: 2
A22: Iin_Vinnom | B22: =Pin/VIN_nom | C22: A | D22: Input currents at min, nom, max Vin | H22: =AND(OSC=1, OR(Fsw/1000>2530, Fsw/1000<1800))
A23: Iin_Vinmax | B23: =Pin/VIN_max | C23: A | H23: =AND(OSC=2, OR(Fsw/1000>500, Fsw/1000<300))
H24: =OR(H22,H23)
A25: OSC setting | B25: =CHOOSE(OSC, 2200, 440) | C25: kHz | K25: SetVout_IntComp_nAEF | L25: 1 | P25: LM5148 | Q25: 1 | W25: No Input Filter | X25: 1 | Z25: UVLO Divider | AA25: 1
A26: Fsw | B26: ='Design Regulator'!E11*1000 | C26: Hz | D26: Nominal switching frequency - determines RT resistor (SYNCIN must be 80-120% of this) | K26: SetVout_IntComp_AEF | L26: 2 | P26: LM5148-Q1 | Q26: 2 | W26: AEF Input Filter | X26: 2 | Z26: No UVLO Divider | AA26: 2
A27: RT resistor to AGND | B27: =((1000000000/Fsw)-53)/45+0.1 | C27: kΩ | K27: SetVout_ExtComp_nAEF | L27: 3 | P27: LM25148 | Q27: 3 | W27: Passive LC Filter | X27: 3 | Z27: UVLO_TYPE | AA27: 1
C28: kΩ | I28: 1 | K28: SetVout_ExtComp_AEF | L28: 4 | P28: LM25148-Q1 | Q28: 4 | W28: INFILTER_TYPE | X28: 1
A29: Tsw | B29: =1/Fsw | C29: sec | D29: Switching period | K29: AdjVout_IntComp_nAEF | L29: 5 | O29: VARIANT | P29: =CHOOSE(VARIANT, "LM5148", "LM5148-Q1", "LM25148", "LM25148-Q1") | Q29: 1
A30: Vref | B30: 0.8 | C30: V | D30: Reference voltage | K30: AdjVout_IntComp_AEF | L30: 6 | O30: VIN-MAX | P30: =CHOOSE(VARIANT, 80, 80, 42, 42) | Q30: V
A31: Rt | B31: ='Standard Value Calculator'!S12/1000 | C31: kΩ | D31: Frequency set resistor | F31: =IF(OR((Fsw=440000),(Fsw=2200000)),"N/A",Rfadj/1000) | K31: AdjVout_ExtComp_nAEF | L31: 7 | O31: VOUT-MAX | P31: =CHOOSE(VARIANT, 60, 60, 36, 36) | Q31: V
K32: AdjVout_ExtComp_AEF | L32: 8
A33: Step 2: Buck Inductor | B33: Channel 1 | K33: Schematic setting | L33: =(IF(OR(Vout=3.3,Vout=5,Vout=12),CHOOSE(COMP_TYPE,IF(INFILTER_TYPE=1,1,2),IF(INFILTER_TYPE=1,3,4)),CHOOSE(COMP_TYPE,IF(INFILTER_TYPE=1,5,6),IF(INFILTER_TYPE=1,7,8))))
A34: Don1 | B34: =Vout/VIN_nom | F34: Ideal Duty Cycle at VIN(nom)
A35: Doff1 | B35: =1-34:34 | F35: Ideal 1- Duty Cycle at VIN(nom)
A37: D_Vinmin | B37: =Vout/VIN_min
A38: D_Vinnom | B38: =Vout/VIN_nom
A39: D_Vinmax | B39: =Vout/VIN_max
A41: L_Vinnom | B41: =(VIN_nom-Vout)*D1_Vinnom/(Fsw*(Iout/Number_of_Phases)*0.3) | C41: H | F41: Calculated inductance for 35% ripple at VIN(nom)
A42: L_slopecomp | B42: =1000*Vout*Rs/22.72/Fsw | C42: H | F42: Calculated inductance based on one times inductor downslope
A44: Lopt | B44: =B42 | C44: H | F44: Slope comp
A46: Lo | B46: ='Design Regulator'!E27/1000000 | C46: H | F46: Chosen inductance
A47: Rdcr | B47: ='Design Regulator'!E28/1000 | C47: W | F47: Chosen inductor DCR
A49: Don2 | B49: =(Vout+Iout*(Rdcr+Rs))/(Vin+Iout*Rs)
A50: Doff2 | B50: =1-_Don2
A52: D_Vinmin_2 | B52: =CHOOSE(MODE, (Vout+Iout*(Rdcr+Rs))/(VIN_min+Iout*Rs), (Vout+Iout/Number_of_Phases*(Rdcr+Rs))/(VIN_min+Iout/Number_of_Phases*Rs)) | F52: Duty cycles adjusted for DCR/shunt voltage drops
A53: D_Vinnom_2 | B53: =CHOOSE(MODE, (Vout+Iout*(Rdcr+Rs))/(VIN_nom+Iout*Rs), (Vout+Iout/Number_of_Phases*(Rdcr+Rs))/(VIN_nom+Iout/Number_of_Phases*Rs)) | F53: need to include RDS(on) later
A54: D_Vinmax_2 | B54: =CHOOSE(MODE, (Vout+Iout*(Rdcr+Rs))/(VIN_max+Iout*Rs), (Vout+Iout/Number_of_Phases*(Rdcr+Rs))/(VIN_max+Iout/Number_of_Phases*Rs))
A56: Iripple_Vinmin | B56: =(VIN_min-Vout)*D1_Vinmin_2/(Fsw*Lf) | C56: A
A57: Iripple_Vinnom | B57: =(VIN_nom-Vout)*D1_Vinnom_2/(Fsw*Lf) | C57: A
A58: Iripple_Vinmax | B58: =(VIN_max-Vout)*D1_Vinmax_2/(Fsw*Lf) | C58: A
A60: Ishunt_rms_Vinmin | B60: =SQRT((Iout/Number_of_Phases)^2+(Iripple_Vinmin^2)/12) | C60: A
A61: Ishunt_rms_Vinnom | B61: =SQRT((Iout/Number_of_Phases)^2+(Iripple_Vinnom^2)/12) | C61: A
A62: Ishunt_rms_Vinmax | B62: =SQRT((Iout/Number_of_Phases)^2+(Iripple_Vinmax^2)/12) | C62: A
A63: Max shunt power loss at full load | B63: =B61^2*Rs | C63: W | F63: Note this is power loss at full load - not loss near OCP!
A65: Max inductor ripple current | B65: =MAX(B56:B58) | C65: A | F65: Ripple current at Vin(max)
B67: =B56/(Iout/Number_of_Phases)
A68: % ripple current | B68: =B57/(Iout/Number_of_Phases)
B69: =B58/(Iout/Number_of_Phases)
A71: Inductor copper temerature | B71: 100 | C71: °C
A72: DCR at hot | B72: =Rdcr*(1+0.0039*(B71-25)) | C72: W
A73: Core loss | B73: ='Design Regulator'!E30 | C73: W
A75: Step 3: Sense Resistors, Slope Comp, Current Limit
A77: Ilimit_DC | B77: ='Design Regulator'!E16 | C77: A | F77: Chosen OCP level - based on output current
A79: Ilimit_inductor_Vinmin | B79: =CHOOSE(MODE, Ilimit_DC+Iripple_Vinmin/2, Ilimit_DC/Number_of_Phases+Iripple_Vinmin/2) | C79: A | F79: Peak inductor current at current limit inception
A80: Ilimit_inductor_Vinnom | B80: =CHOOSE(MODE, Ilimit_DC+Iripple_Vinnom/2, Ilimit_DC/Number_of_Phases+Iripple_Vinnom/2) | C80: A
A81: Ilimit_inductor_Vinmax | B81: =CHOOSE(MODE, Ilimit_DC+Iripple_Vinmax/2, Ilimit_DC/Number_of_Phases+Iripple_Vinmax/2) | C81: A
A84: CS threshold_min | B84: 0.052 | C84: V
A85: CS threshold | B85: 0.06 | C85: V
A86: CS threshold_max | B86: 0.068 | C86: V
A88: Shunt required to get OCP at VIN(min) | B88: =Buck_CS_threshold/B79 | C88: W
A89: Shunt required to get OCP at VIN(nom) | B89: =Buck_CS_threshold/B80 | C89: W
A90: Shunt required to get OCP at VIN(max) | B90: =Buck_CS_threshold/B81 | C90: W
A92: Rs_ideal | B92: =B89 | C92: W | F92: Ideal Rs for the required OCP -- based on 73mV CL threshold
A93: Rs | B93: ='Design Regulator'!E18/1000 | C93: W | F93: Selected (starndard value) current limit sense resistor
A95: Current limit - peak | B95: =Buck_CS_threshold/Rs | C95: A | F95: Peak inductor current limit = min sat current
A97: Iout_OCP_Vinmin | B97: =Number_of_Phases*(Buck_CS_threshold/Rs-Iripple_Vinmin/2) | C97: A | F97: Current limit setpoints (i.e. IOUT) after standard components are selected
A98: Iout_OCP_Vinnom | B98: =Number_of_Phases*(Buck_CS_threshold/Rs-Iripple_Vinnom/2) | C98: A
A99: Iout_OCP_Vinmax | B99: =Number_of_Phases*(Buck_CS_threshold/Rs-Iripple_Vinmax/2) | C99: A
A101: Irms_OCP_Vinmin | B101: =SQRT((Iout_OCP_Vinmin/Number_of_Phases)^2+(Iripple_Vinmin^2)/12) | C101: A
A102: Irms_OCP_Vinnom | B102: =SQRT((Iout_OCP_Vinnom/Number_of_Phases)^2+(Iripple_Vinnom^2)/12) | C102: A
A103: Irms_OCP_Vinmax | B103: =SQRT((Iout_OCP_Vinmax/Number_of_Phases)^2+(Iripple_Vinmax^2)/12) | C103: A
A105: Pshunt_Vinmin | B105: =B101^2*Rs | C105: W | F105: Max power dissipations in shunt
A106: Pshunt_Vinnom | B106: =B102^2*Rs | C106: W
A107: Pshunt_Vinmax | B107: =B103^2*Rs | C107: W
A110: Step 4: Output Capacitor
A111: Icoutrms_VINmin | B111: =Iripple_Vinmin/SQRT(12) | C111: A | F111: Output Cap RMS current
A112: Icoutrms_VINnom | B112: =Iripple_Vinnom/SQRT(12) | C112: A
A113: Icoutrms_VINmax | B113: =Iripple_Vinmax/SQRT(12) | C113: A
A114: Max Cout rms current | B114: =MAX(B111:B113) | C114: A
A116: Vripple1 | B116: ='Design Regulator'!E33/1000 | C116: V | F116: Output voltage ripple spec(pk-pk)
A118: Output Ripple Spec (pk-pk) | B118: =Vo1_ripple*1000 | C118: mV | F118: Vout ripple spec at Vin(nom)
A120: Coutmin | B120: =Iripple_Vinnom/(Fsw*8*Vo1_ripple) | C120: F | F120: Minimum output capacitnace | H120: =Vo2_ripple | I120: 1
A121: Reported Coutmin | B121: =IF(Cout_min*1000000<2, 2.2,Cout_min*1000000) | C121: uF
A122: Cout | B122: ='Design Regulator'!E35/1000000 | C122: F | F122: Chosen output capacitance | I122: 1
A123: Resrmax | B123: =SQRT((Vo1_ripple/Iripple_Vinnom)^2-(1/(Fsw*Cout*8))^2) | C123: W | F123: Max ESR before ripple exceeds Vripple1 | I123: 1
A125: Reported Cout ESR max | B125: =IF(OR(CoutEsrMax>0.3, CoutEsrMax<0, (ISERROR(CoutEsrMax))), "N/A", CoutEsrMax*1000) | C125: mΩ
A126: CoutEsr | B126: ='Design Regulator'!E37/1000 | C126: W | F126: Chosen ESR | I126: 1 | K126: =ISERROR(CoutEsrMax) | L126: =ISERROR(B125)
A127: Vripple | B127: =Iripple_Vinnom*SQRT(Cout_ESR^2+(1/(8*Fsw*Cout))^2) | C127: Vp-p | L127: =OR(CoutEsrMax>0.3,CoutEsrMax<0)
K128: =OR(TRUE, FALSE, TRUE)
...

Sheet Schematic Management
N1: 3.3V or 5V fixed (FB1/2)
A2: =IF(MODE=1, CHOOSE(SCH_SETTING, "SCH_SetVout_IntComp_nAEF","SCH_SetVout_IntComp_AEF","SCH_SetVout_ExtComp_nAEF","SCH_SetVout_ExtComp_AEF","SCH_AdjVout_IntComp_nAEF","SCH_AdjVout_IntComp_AEF","SCH_AdjVout_ExtComp_nAEF","SCH_AdjVout_ExtComp_AEF")) | N2: With/without VOUT connected to VCCX

Sheet Stability Calculations
A2: Divider Network & EA Poles/Zeros | E2: Modulator | J2: Power Stage Poles/Zeros | M2: Complex Pole Pair | P2: Feedback natural frequencies | T2: Total System
B3: Afb1 | C3: =Afb | D3: V/V | E3: Acs | F3: =Acs | G3: A/V | H3: gm | I3: =gm | J3: z_ESR | K3: =Fesr | L3: Hz | M3: p3 | N3: =Fsw/2 | O3: Hz | P3: zterm1 | Q3: =((1/wffHz)+(1/wfftHz)) | T3: Adc | U3: =IF(VOUT_setting=1,Am*Afb*AEA,Am*AEA) | V3: V/V
B4: EA zero, z1 | C4: =Fz1_u | D4: Hz | E4: Am | F4: =Am | G4: V/V | J4: p_dom | K4: =Fp_dominant | L4: Hz | M4: pterm1 | N4: =Q*pole3 | P4: pterm3 | Q4: =((1/wfbtHz)+(1/wffHz)+(1/wfftHz)+(Afbr/wffHz)) | T4: Crossover | U4: =AI7 | V4: kHz
B5: EA pole, p1 | C5: =Fp1_u | D5: Hz | E5: Q | F5: =Q | M5: pterm2 | N5: =pole3^2 | P5: pterm4 | Q5: =1/(wffHz*wfbtHz) | T5: Phase Margin | U5: =AI9 | V5: °
B6: Aea | C6: =AEA | D6: V/V | E6: mc | F6: =mc | P6: Afbr | Q6: =Rfb1_/Rfb2_u | T6: radconv | U6: =180/Pi | AH6: XOVER SEARCH
B7: EA pole, p2 | C7: =Fp2_u | D7: Hz | E7: k | F7: =k | AH7: xover | AI7: =SUM(AH12:AH613)/1000
AH9: phase margin | AI9: =SUM(AI13:AI613)
A10: Freq (Hz) | C10: Power Stage | I10: Error Amplifier | O10: Feedback Gain | S10: Sampling Double Pole | U10: System Response | AB10: ERROR AMP Response | AE10: PLANT Response
C11: p_dom | E11: z_ESR | G11: z_RHP | I11: p1 | K11: z1 | M11: p2 | O11: z1 | Q11: p1p2 | S11: p3
C12: Gain(V/V) | D12: Phase(rad) | E12: Gain(V/V) | F12: Phase(rad) | G12: Gain(V/V) | H12: Phase(rad) | I12: Gain(V/V) | J12: Phase(rad) | K12: Gain(V/V) | L12: Phase(rad) | M12: Gain(V/V) | N12: Phase(rad) | O12: Gain(V/V) | P12: Phase(rad) | Q12: Gain(V/V) | R12: Phase(rad) | S12: Gain(V/V) | T12: Phase(rad) | U12: Gain (dB) | V12: Phase (°) | W12: Phase Margin (°) | Z12: Fsquare | AB12: Gain(dB) | AC12: Phase(Deg) | AE12: Gain(dB) | AF12: Phase(Deg)
A13: 1 | B13: =A13/1000 | C13: =SQRT(1+(A13/pole1)^2) | D13: =ATAN(A13/pole1) | E13: =SQRT(1+(A13/Zero1)^2) | F13: =ATAN(A13/Zero1) | G13: =IF(VIN_nom>Vout, 1, SQRT(1+(A13/z_RHP)^2)) | H13: =IF(VIN_nom>Vout, 0, -ATAN(A13/z_RHP)) | I13: =SQRT(1+(A13/Pole2)^2) | J13: =ATAN(A13/Pole2) | K13: =SQRT(1+(A13/Zero2)^2) | L13: =ATAN(A13/Zero2) | M13: =SQRT(1+(A13/pole4)^2) | N13: =ATAN(A13/pole4) | O13: =IF(VOUT_setting=1,1,SQRT(1+(A13*zterm1)^2)) | P13: =IF(VOUT_setting=1,0,ATAN(((A13*zterm1)))) | Q13: =IF(VOUT_setting=1,1,SQRT((1+Afbr-pterm4*(A13)^2)^2+(A13*$Q$4)^2)) | R13: =IF(VOUT_setting=1,0,ATAN(A13*$Q$4/(1+Afbr-$Q$5*(A13)^2))) | S13: =SQRT((1-(Z13/pterm2))^2+(A13/pterm1)^2) | T13: =IF((ATAN((A13/pterm1)/(1-A13^2/pterm2))>0),ATAN((A13/pterm1)/(1-A13^2/pterm2)),PI()+ATAN((A13/pterm1)/(1-A13^2/pterm2))) | U13: =20*LOG10(((E13*K13*G13*O13)/(C13*I13*S13*M13*Q13))*Adc) | V13: =((F13+L13+H13+P13)-(D13+J13+T13+N13+R13))*radconv | W13: =IF(V13>0,V13,V13+180) | Y13: =IF(U13<0,A13,1000000000) | Z13: =A13^2 | AB13: =20*LOG10((K13/(I13*M13))*AEA) | AC13: =(L13-(J13+N13))*radconv | AE13: =20*LOG10((E13*G13/(C13*S13))*Acs*Am) | AF13: =(F13+H13-(D13+T13))*radconv | AH13: =SUM((U14<0)*(U13>0))*A13 | AI13: =IF(AH13>0,W11,0)
A14: 1.0965 | B14: =A14/1000 | C14: =SQRT(1+(A14/pole1)^2) | D14: =ATAN(A14/pole1) | E14: =SQRT(1+(A14/Zero1)^2) | F14: =ATAN(A14/Zero1) | G14: =IF(VIN_nom>Vout, 1, SQRT(1+(A14/z_RHP)^2)) | H14: =IF(VIN_nom>Vout, 0, -ATAN(A14/z_RHP)) | I14: =SQRT(1+(A14/Pole2)^2) | J14: =ATAN(A14/Pole2) | K14: =SQRT(1+(A14/Zero2)^2) | L14: =ATAN(A14/Zero2) | M14: =SQRT(1+(A14/pole4)^2) | N14: =ATAN(A14/pole4) | O14: =IF(VOUT_setting=1,1,SQRT(1+(A14*zterm1)^2)) | P14: =IF(VOUT_setting=1,0,ATAN(((A14*zterm1)))) | Q14: =IF(VOUT_setting=1,1,SQRT((1+Afbr-pterm4*(A14)^2)^2+(A14*$Q$4)^2)) | R14: =IF(VOUT_setting=1,0,ATAN(A14*$Q$4/(1+Afbr-$Q$5*(A14)^2))) | S14: =SQRT((1-(Z14/pterm2))^2+(A14/pterm1)^2) | T14: =IF((ATAN((A14/pterm1)/(1-A14^2/pterm2))>0),ATAN((A14/pterm1)/(1-A14^2/pterm2)),PI()+ATAN((A14/pterm1)/(1-A14^2/pterm2))) | U14: =20*LOG10(((E14*K14*G14*O14)/(C14*I14*S14*M14*Q14))*Adc) | V14: =((F14+L14+H14+P14)-(D14+J14+T14+N14+R14))*radconv | W14: =IF(V14>0,V14,V14+180) | Y14: =IF(U14<0,A14,1000000000) | Z14: =A14^2 | AB14: =20*LOG10((K14/(I14*M14))*AEA) | AC14: =(L14-(J14+N14))*radconv | AE14: =20*LOG10((E14*G14/(C14*S14))*Acs*Am) | AF14: =(F14+H14-(D14+T14))*radconv | AH14: =SUM((U15<0)*(U14>0))*A14 | AI14: =IF(AH14>0,W12,0)
A15: 1.2023 | B15: =A15/1000 | C15: =SQRT(1+(A15/pole1)^2) | D15: =ATAN(A15/pole1) | E15: =SQRT(1+(A15/Zero1)^2) | F15: =ATAN(A15/Zero1) | G15: =IF(VIN_nom>Vout, 1, SQRT(1+(A15/z_RHP)^2)) | H15: =IF(VIN_nom>Vout, 0, -ATAN(A15/z_RHP)) | I15: =SQRT(1+(A15/Pole2)^2) | J15: =ATAN(A15/Pole2) | K15: =SQRT(1+(A15/Zero2)^2) | L15: =ATAN(A15/Zero2) | M15: =SQRT(1+(A15/pole4)^2) | N15: =ATAN(A15/pole4) | O15: =IF(VOUT_setting=1,1,SQRT(1+(A15*zterm1)^2)) | P15: =IF(VOUT_setting=1,0,ATAN(((A15*zterm1)))) | Q15: =IF(VOUT_setting=1,1,SQRT((1+Afbr-$Q$5*(A15)^2)^2+(A15*$Q$4)^2)) | R15: =IF(VOUT_setting=1,0,ATAN(A15*$Q$4/(1+Afbr-$Q$5*(A15)^2))) | S15: =SQRT((1-(Z15/pterm2))^2+(A15/pterm1)^2) | T15: =IF((ATAN((A15/pterm1)/(1-A15^2/pterm2))>0),ATAN((A15/pterm1)/(1-A15^2/pterm2)),PI()+ATAN((A15/pterm1)/(1-A15^2/pterm2))) | U15: =20*LOG10(((E15*K15*G15*O15)/(C15*I15*S15*M15*Q15))*Adc) | V15: =((F15+L15+H15+P15)-(D15+J15+T15+N15+R15))*radconv | W15: =IF(V15>0,V15,V15+180) | Y15: =IF(U15<0,A15,1000000000) | Z15: =A15^2 | AB15: =20*LOG10((K15/(I15*M15))*AEA) | AC15: =(L15-(J15+N15))*radconv | AE15: =20*LOG10((E15*G15/(C15*S15))*Acs*Am) | AF15: =(F15+H15-(D15+T15))*radconv | AH15: =SUM((U16<0)*(U15>0))*A15 | AI15: =IF(AH15>0,W13,0)
A16: 1.3183 | B16: =A16/1000 | C16: =SQRT(1+(A16/pole1)^2) | D16: =ATAN(A16/pole1) | E16: =SQRT(1+(A16/Zero1)^2) | F16: =ATAN(A16/Zero1) | G16: =IF(VIN_nom>Vout, 1, SQRT(1+(A16/z_RHP)^2)) | H16: =IF(VIN_nom>Vout, 0, -ATAN(A16/z_RHP)) | I16: =SQRT(1+(A16/Pole2)^2) | J16: =ATAN(A16/Pole2) | K16: =SQRT(1+(A16/Zero2)^2) | L16: =ATAN(A16/Zero2) | M16: =SQRT(1+(A16/pole4)^2) | N16: =ATAN(A16/pole4) | O16: =IF(VOUT_setting=1,1,SQRT(1+(A16*zterm1)^2)) | P16: =IF(VOUT_setting=1,0,ATAN(((A16*zterm1)))) | Q16: =IF(VOUT_setting=1,1,SQRT((1+Afbr-$Q$5*(A16)^2)^2+(A16*$Q$4)^2)) | R16: =IF(VOUT_setting=1,0,ATAN(A16*$Q$4/(1+Afbr-$Q$5*(A16)^2))) | S16: =SQRT((1-(Z16/pterm2))^2+(A16/pterm1)^2) | T16: =IF((ATAN((A16/pterm1)/(1-A16^2/pterm2))>0),ATAN((A16/pterm1)/(1-A16^2/pterm2)),PI()+ATAN((A16/pterm1)/(1-A16^2/pterm2))) | U16: =20*LOG10(((E16*K16*G16*O16)/(C16*I16*S16*M16*Q16))*Adc) | V16: =((F16+L16+H16+P16)-(D16+J16+T16+N16+R16))*radconv | W16: =IF(V16>0,V16,V16+180) | Y16: =IF(U16<0,A16,1000000000) | Z16: =A16^2 | AB16: =20*LOG10((K16/(I16*M16))*AEA) | AC16: =(L16-(J16+N16))*radconv | AE16: =20*LOG10((E16*G16/(C16*S16))*Acs*Am) | AF16: =(F16+H16-(D16+T16))*radconv | AH16: =SUM((U17<0)*(U16>0))*A16 | AI16: =IF(AH16>0,W14,0)
A17: 1.4454 | B17: =A17/1000 | C17: =SQRT(1+(A17/pole1)^2) | D17: =ATAN(A17/pole1) | E17: =SQRT(1+(A17/Zero1)^2) | F17: =ATAN(A17/Zero1) | G17: =IF(VIN_nom>Vout, 1, SQRT(1+(A17/z_RHP)^2)) | H17: =IF(VIN_nom>Vout, 0, -ATAN(A17/z_RHP)) | I17: =SQRT(1+(A17/Pole2)^2) | J17: =ATAN(A17/Pole2) | K17: =SQRT(1+(A17/Zero2)^2) | L17: =ATAN(A17/Zero2) | M17: =SQRT(1+(A17/pole4)^2) | N17: =ATAN(A17/pole4) | O17: =IF(VOUT_setting=1,1,SQRT(1+(A17*zterm1)^2)) | P17: =IF(VOUT_setting=1,0,ATAN(((A17*zterm1)))) | Q17: =IF(VOUT_setting=1,1,SQRT((1+Afbr-$Q$5*(A17)^2)^2+(A17*$Q$4)^2)) | R17: =IF(VOUT_setting=1,0,ATAN(A17*$Q$4/(1+Afbr-$Q$5*(A17)^2))) | S17: =SQRT((1-(Z17/pterm2))^2+(A17/pterm1)^2) | T17: =IF((ATAN((A17/pterm1)/(1-A17^2/pterm2))>0),ATAN((A17/pterm1)/(1-A17^2/pterm2)),PI()+ATAN((A17/pterm1)/(1-A17^2/pterm2))) | U17: =20*LOG10(((E17*K17*G17*O17)/(C17*I17*S17*M17*Q17))*Adc) | V17: =((F17+L17+H17+P17)-(D17+J17+T17+N17+R17))*radconv | W17: =IF(V17>0,V17,V17+180) | Y17: =IF(U17<0,A17,1000000000) | Z17: =A17^2 | AB17: =20*LOG10((K17/(I17*M17))*AEA) | AC17: =(L17-(J17+N17))*radconv | AE17: =20*LOG10((E17*G17/(C17*S17))*Acs*Am) | AF17: =(F17+H17-(D17+T17))*radconv | AH17: =SUM((U18<0)*(U17>0))*A17 | AI17: =IF(AH17>0,W15,0)
A18: 1.5849 | B18: =A18/1000 | C18: =SQRT(1+(A18/pole1)^2) | D18: =ATAN(A18/pole1) | E18: =SQRT(1+(A18/Zero1)^2) | F18: =ATAN(A18/Zero1) | G18: =IF(VIN_nom>Vout, 1, SQRT(1+(A18/z_RHP)^2)) | H18: =IF(VIN_nom>Vout, 0, -ATAN(A18/z_RHP)) | I18: =SQRT(1+(A18/Pole2)^2) | J18: =ATAN(A18/Pole2) | K18: =SQRT(1+(A18/Zero2)^2) | L18: =ATAN(A18/Zero2) | M18: =SQRT(1+(A18/pole4)^2) | N18: =ATAN(A18/pole4) | O18: =IF(VOUT_setting=1,1,SQRT(1+(A18*zterm1)^2)) | P18: =IF(VOUT_setting=1,0,ATAN(((A18*zterm1)))) | Q18: =IF(VOUT_setting=1,1,SQRT((1+Afbr-$Q$5*(A18)^2)^2+(A18*$Q$4)^2)) | R18: =IF(VOUT_setting=1,0,ATAN(A18*$Q$4/(1+Afbr-$Q$5*(A18)^2))) | S18: =SQRT((1-(Z18/pterm2))^2+(A18/pterm1)^2) | T18: =IF((ATAN((A18/pterm1)/(1-A18^2/pterm2))>0),ATAN((A18/pterm1)/(1-A18^2/pterm2)),PI()+ATAN((A18/pterm1)/(1-A18^2/pterm2))) | U18: =20*LOG10(((E18*K18*G18*O18)/(C18*I18*S18*M18*Q18))*Adc) | V18: =((F18+L18+H18+P18)-(D18+J18+T18+N18+R18))*radconv | W18: =IF(V18>0,V18,V18+180) | Y18: =IF(U18<0,A18,1000000000) | Z18: =A18^2 | AB18: =20*LOG10((K18/(I18*M18))*AEA) | AC18: =(L18-(J18+N18))*radconv | AE18: =20*LOG10((E18*G18/(C18*S18))*Acs*Am) | AF18: =(F18+H18-(D18+T18))*radconv | AH18: =SUM((U19<0)*(U18>0))*A18 | AI18: =IF(AH18>0,W16,0)
A19: 1.7378 | B19: =A19/1000 | C19: =SQRT(1+(A19/pole1)^2) | D19: =ATAN(A19/pole1) | E19: =SQRT(1+(A19/Zero1)^2) | F19: =ATAN(A19/Zero1) | G19: =IF(VIN_nom>Vout, 1, SQRT(1+(A19/z_RHP)^2)) | H19: =IF(VIN_nom>Vout, 0, -ATAN(A19/z_RHP)) | I19: =SQRT(1+(A19/Pole2)^2) | J19: =ATAN(A19/Pole2) | K19: =SQRT(1+(A19/Zero2)^2) | L19: =ATAN(A19/Zero2) | M19: =SQRT(1+(A19/pole4)^2) | N19: =ATAN(A19/pole4) | O19: =IF(VOUT_setting=1,1,SQRT(1+(A19*zterm1)^2)) | P19: =IF(VOUT_setting=1,0,ATAN(((A19*zterm1)))) | Q19: =IF(VOUT_setting=1,1,SQRT((1+Afbr-$Q$5*(A19)^2)^2+(A19*$Q$4)^2)) | R19: =IF(VOUT_setting=1,0,ATAN(A19*$Q$4/(1+Afbr-$Q$5*(A19)^2))) | S19: =SQRT((1-(Z19/pterm2))^2+(A19/pterm1)^2) | T19: =IF((ATAN((A19/pterm1)/(1-A19^2/pterm2))>0),ATAN((A19/pterm1)/(1-A19^2/pterm2)),PI()+ATAN((A19/pterm1)/(1-A19^2/pterm2))) | U19: =20*LOG10(((E19*K19*G19*O19)/(C19*I19*S19*M19*Q19))*Adc) | V19: =((F19+L19+H19+P19)-(D19+J19+T19+N19+R19))*radconv | W19: =IF(V19>0,V19,V19+180) | Y19: =IF(U19<0,A19,1000000000) | Z19: =A19^2 | AB19: =20*LOG10((K19/(I19*M19))*AEA) | AC19: =(L19-(J19+N19))*radconv | AE19: =20*LOG10((E19*G19/(C19*S19))*Acs*Am) | AF19: =(F19+H19-(D19+T19))*radconv | AH19: =SUM((U20<0)*(U19>0))*A19 | AI19: =IF(AH19>0,W17,0)
A20: 1.9055 | B20: =A20/1000 | C20: =SQRT(1+(A20/pole1)^2) | D20: =ATAN(A20/pole1) | E20: =SQRT(1+(A20/Zero1)^2) | F20: =ATAN(A20/Zero1) | G20: =IF(VIN_nom>Vout, 1, SQRT(1+(A20/z_RHP)^2)) | H20: =IF(VIN_nom>Vout, 0, -ATAN(A20/z_RHP)) | I20: =SQRT(1+(A20/Pole2)^2) | J20: =ATAN(A20/Pole2) | K20: =SQRT(1+(A20/Zero2)^2) | L20: =ATAN(A20/Zero2) | M20: =SQRT(1+(A20/pole4)^2) | N20: =ATAN(A20/pole4) | O20: =IF(VOUT_setting=1,1,SQRT(1+(A20*zterm1)^2)) | P20: =IF(VOUT_setting=1,0,ATAN(((A20*zterm1)))) | Q20: =IF(VOUT_setting=1,1,SQRT((1+Afbr-$Q$5*(A20)^2)^2+(A20*$Q$4)^2)) | R20: =IF(VOUT_setting=1,0,ATAN(A20*$Q$4/(1+Afbr-$Q$5*(A20)^2))) | S20: =SQRT((1-(Z20/pterm2))^2+(A20/pterm1)^2) | T20: =IF((ATAN((A20/pterm1)/(1-A20^2/pterm2))>0),ATAN((A20/pterm1)/(1-A20^2/pterm2)),PI()+ATAN((A20/pterm1)/(1-A20^2/pterm2))) | U20: =20*LOG10(((E20*K20*G20*O20)/(C20*I20*S20*M20*Q20))*Adc) | V20: =((F20+L20+H20+P20)-(D20+J20+T20+N20+R20))*radconv | W20: =IF(V20>0,V20,V20+180) | Y20: =IF(U20<0,A20,1000000000) | Z20: =A20^2 | AB20: =20*LOG10((K20/(I20*M20))*AEA) | AC20: =(L20-(J20+N20))*radconv | AE20: =20*LOG10((E20*G20/(C20*S20))*Acs*Am) | AF20: =(F20+H20-(D20+T20))*radconv | AH20: =SUM((U21<0)*(U20>0))*A20 | AI20: =IF(AH20>0,W18,0)
A21: 2.0893 | B21: =A21/1000 | C21: =SQRT(1+(A21/pole1)^2) | D21: =ATAN(A21/pole1) | E21: =SQRT(1+(A21/Zero1)^2) | F21: =ATAN(A21/Zero1) | G21: =IF(VIN_nom>Vout, 1, SQRT(1+(A21/z_RHP)^2)) | H21: =IF(VIN_nom>Vout, 0, -ATAN(A21/z_RHP)) | I21: =SQRT(1+(A21/Pole2)^2) | J21: =ATAN(A21/Pole2) | K21: =SQRT(1+(A21/Zero2)^2) | L21: =ATAN(A21/Zero2) | M21: =SQRT(1+(A21/pole4)^2) | N21: =ATAN(A21/pole4) | O21: =IF(VOUT_setting=1,1,SQRT(1+(A21*zterm1)^2)) | P21: =IF(VOUT_setting=1,0,ATAN(((A21*zterm1)))) | Q21: =IF(VOUT_setting=1,1,SQRT((1+Afbr-$Q$5*(A21)^2)^2+(A21*$Q$4)^2)) | R21: =IF(VOUT_setting=1,0,ATAN(A21*$Q$4/(1+Afbr-$Q$5*(A21)^2))) | S21: =SQRT((1-(Z21/pterm2))^2+(A21/pterm1)^2) | T21: =IF((ATAN((A21/pterm1)/(1-A21^2/pterm2))>0),ATAN((A21/pterm1)/(1-A21^2/pterm2)),PI()+ATAN((A21/pterm1)/(1-A21^2/pterm2))) | U21: =20*LOG10(((E21*K21*G21*O21)/(C21*I21*S21*M21*Q21))*Adc) | V21: =((F21+L21+H21+P21)-(D21+J21+T21+N21+R21))*radconv | W21: =IF(V21>0,V21,V21+180) | Y21: =IF(U21<0,A21,1000000000) | Z21: =A21^2 | AB21: =20*LOG10((K21/(I21*M21))*AEA) | AC21: =(L21-(J21+N21))*radconv | AE21: =20*LOG10((E21*G21/(C21*S21))*Acs*Am) | AF21: =(F21+H21-(D21+T21))*radconv | AH21: =SUM((U22<0)*(U21>0))*A21 | AI21: =IF(AH21>0,W19,0)
A22: 2.2909 | B22: =A22/1000 | C22: =SQRT(1+(A22/pole1)^2) | D22: =ATAN(A22/pole1) | E22: =SQRT(1+(A22/Zero1)^2) | F22: =ATAN(A22/Zero1) | G22: =IF(VIN_nom>Vout, 1, SQRT(1+(A22/z_RHP)^2)) | H22: =IF(VIN_nom>Vout, 0, -ATAN(A22/z_RHP)) | I22: =SQRT(1+(A22/Pole2)^2) | J22: =ATAN(A22/Pole2) | K22: =SQRT(1+(A22/Zero2)^2) | L22: =ATAN(A22/Zero2) | M22: =SQRT(1+(A22/pole4)^2) | N22: =ATAN(A22/pole4) | O22: =IF(VOUT_setting=1,1,SQRT(1+(A22*zterm1)^2)) | P22: =IF(VOUT_setting=1,0,ATAN(((A22*zterm1)))) | Q22: =IF(VOUT_setting=1,1,SQRT((1+Afbr-$Q$5*(A22)^2)^2+(A22*$Q$4)^2)) | R22: =IF(VOUT_setting=1,0,ATAN(A22*$Q$4/(1+Afbr-$Q$5*(A22)^2))) | S22: =SQRT((1-(Z22/pterm2))^2+(A22/pterm1)^2) | T22: =IF((ATAN((A22/pterm1)/(1-A22^2/pterm2))>0),ATAN((A22/pterm1)/(1-A22^2/pterm2)),PI()+ATAN((A22/pterm1)/(1-A22^2/pterm2))) | U22: =20*LOG10(((E22*K22*G22*O22)/(C22*I22*S22*M22*Q22))*Adc) | V22: =((F22+L22+H22+P22)-(D22+J22+T22+N22+R22))*radconv | W22: =IF(V22>0,V22,V22+180) | Y22: =IF(U22<0,A22,1000000000) | Z22: =A22^2 | AB22: =20*LOG10((K22/(I22*M22))*AEA) | AC22: =(L22-(J22+N22))*radconv | AE22: =20*LOG10((E22*G22/(C22*S22))*Acs*Am) | AF22: =(F22+H22-(D22+T22))*radconv | AH22: =SUM((U23<0)*(U22>0))*A22 | AI22: =IF(AH22>0,W20,0)
A23: 2.5119 | B23: =A23/1000 | C23: =SQRT(1+(A23/pole1)^2) | D23: =ATAN(A23/pole1) | E23: =SQRT(1+(A23/Zero1)^2) | F23: =ATAN(A23/Zero1) | G23: =IF(VIN_nom>Vout, 1, SQRT(1+(A23/z_RHP)^2)) | H23: =IF(VIN_nom>Vout, 0, -ATAN(A23/z_RHP)) | I23: =SQRT(1+(A23/Pole2)^2) | J23: =ATAN(A23/Pole2) | K23: =SQRT(1+(A23/Zero2)^2) | L23: =ATAN(A23/Zero2) | M23: =SQRT(1+(A23/pole4)^2) | N23: =ATAN(A23/pole4) | O23: =IF(VOUT_setting=1,1,SQRT(1+(A23*zterm1)^2)) | P23: =IF(VOUT_setting=1,0,ATAN(((A23*zterm1)))) | Q23: =IF(VOUT_setting=1,1,SQRT((1+Afbr-$Q$5*(A23)^2)^2+(A23*$Q$4)^2)) | R23: =IF(VOUT_setting=1,0,ATAN(A23*$Q$4/(1+Afbr-$Q$5*(A23)^2))) | S23: =SQRT((1-(Z23/pterm2))^2+(A23/pterm1)^2) | T23: =IF((ATAN((A23/pterm1)/(1-A23^2/pterm2))>0),ATAN((A23/pterm1)/(1-A23^2/pterm2)),PI()+ATAN((A23/pterm1)/(1-A23^2/pterm2))) | U23: =20*LOG10(((E23*K23*G23*O23)/(C23*I23*S23*M23*Q23))*Adc) | V23: =((F23+L23+H23+P23)-(D23+J23+T23+N23+R23))*radconv | W23: =IF(V23>0,V23,V23+180) | Y23: =IF(U23<0,A23,1000000000) | Z23: =A23^2 | AB23: =20*LOG10((K23/(I23*M23))*AEA) | AC23: =(L23-(J23+N23))*radconv | AE23: =20*LOG10((E23*G23/(C23*S23))*Acs*Am) | AF23: =(F23+H23-(D23+T23))*radconv | AH23: =SUM((U24<0)*(U23>0))*A23 | AI23: =IF(AH23>0,W21,0)
A24: 2.7542 | B24: =A24/1000 | C24: =SQRT(1+(A24/pole1)^2) | D24: =ATAN(A24/pole1) | E24: =SQRT(1+(A24/Zero1)^2) | F24: =ATAN(A24/Zero1) | G24: =IF(VIN_nom>Vout, 1, SQRT(1+(A24/z_RHP)^2)) | H24: =IF(VIN_nom>Vout, 0, -ATAN(A24/z_RHP)) | I24: =SQRT(1+(A24/Pole2)^2) | J24: =ATAN(A24/Pole2) | K24: =SQRT(1+(A24/Zero2)^2) | L24: =ATAN(A24/Zero2) | M24: =SQRT(1+(A24/pole4)^2) | N24: =ATAN(A24/pole4) | O24: =IF(VOUT_setting=1,1,SQRT(1+(A24*zterm1)^2)) | P24: =IF(VOUT_setting=1,0,ATAN(((A24*zterm1)))) | Q24: =IF(VOUT_setting=1,1,SQRT((1+Afbr-$Q$5*(A24)^2)^2+(A24*$Q$4)^2)) | R24: =IF(VOUT_setting=1,0,ATAN(A24*$Q$4/(1+Afbr-$Q$5*(A24)^2))) | S24: =SQRT((1-(Z24/pterm2))^2+(A24/pterm1)^2) | T24: =IF((ATAN((A24/pterm1)/(1-A24^2/pterm2))>0),ATAN((A24/pterm1)/(1-A24^2/pterm2)),PI()+ATAN((A24/pterm1)/(1-A24^2/pterm2))) | U24: =20*LOG10(((E24*K24*G24*O24)/(C24*I24*S24*M24*Q24))*Adc) | V24: =((F24+L24+H24+P24)-(D24+J24+T24+N24+R24))*radconv | W24: =IF(V24>0,V24,V24+180) | Y24: =IF(U24<0,A24,1000000000) | Z24: =A24^2 | AB24: =20*LOG10((K24/(I24*M24))*AEA) | AC24: =(L24-(J24+N24))*radconv | AE24: =20*LOG10((E24*G24/(C24*S24))*Acs*Am) | AF24: =(F24+H24-(D24+T24))*radconv | AH24: =SUM((U25<0)*(U24>0))*A24 | AI24: =IF(AH24>0,W22,0)
A25: 3.02 | B25: =A25/1000 | C25: =SQRT(1+(A25/pole1)^2) | D25: =ATAN(A25/pole1) | E25: =SQRT(1+(A25/Zero1)^2) | F25: =ATAN(A25/Zero1) | G25: =IF(VIN_nom>Vout, 1, SQRT(1+(A25/z_RHP)^2)) | H25: =IF(VIN_nom>Vout, 0, -ATAN(A25/z_RHP)) | I25: =SQRT(1+(A25/Pole2)^2) | J25: =ATAN(A25/Pole2) | K25: =SQRT(1+(A25/Zero2)^2) | L25: =ATAN(A25/Zero2) | M25: =SQRT(1+(A25/pole4)^2) | N25: =ATAN(A25/pole4) | O25: =IF(VOUT_setting=1,1,SQRT(1+(A25*zterm1)^2)) | P25: =IF(VOUT_setting=1,0,ATAN(((A25*zterm1)))) | Q25: =IF(VOUT_setting=1,1,SQRT((1+Afbr-$Q$5*(A25)^2)^2+(A25*$Q$4)^2)) | R25: =IF(VOUT_setting=1,0,ATAN(A25*$Q$4/(1+Afbr-$Q$5*(A25)^2))) | S25: =SQRT((1-(Z25/pterm2))^2+(A25/pterm1)^2) | T25: =IF((ATAN((A25/pterm1)/(1-A25^2/pterm2))>0),ATAN((A25/pterm1)/(1-A25^2/pterm2)),PI()+ATAN((A25/pterm1)/(1-A25^2/pterm2))) | U25: =20*LOG10(((E25*K25*G25*O25)/(C25*I25*S25*M25*Q25))*Adc) | V25: =((F25+L25+H25+P25)-(D25+J25+T25+N25+R25))*radconv | W25: =IF(V25>0,V25,V25+180) | Y25: =IF(U25<0,A25,1000000000) | Z25: =A25^2 | AB25: =20*LOG10((K25/(I25*M25))*AEA) | AC25: =(L25-(J25+N25))*radconv | AE25: =20*LOG10((E25*G25/(C25*S25))*Acs*Am) | AF25: =(F25+H25-(D25+T25))*radconv | AH25: =SUM((U26<0)*(U25>0))*A25 | AI25: =IF(AH25>0,W23,0)
A26: 3.3113 | B26: =A26/1000 | C26: =SQRT(1+(A26/pole1)^2) | D26: =ATAN(A26/pole1) | E26: =SQRT(1+(A26/Zero1)^2) | F26: =ATAN(A26/Zero1) | G26: =IF(VIN_nom>Vout, 1, SQRT(1+(A26/z_RHP)^2)) | H26: =IF(VIN_nom>Vout, 0, -ATAN(A26/z_RHP)) | I26: =SQRT(1+(A26/Pole2)^2) | J26: =ATAN(A26/Pole2) | K26: =SQRT(1+(A26/Zero2)^2) | L26: =ATAN(A26/Zero2) | M26: =SQRT(1+(A26/pole4)^2) | N26: =ATAN(A26/pole4) | O26: =IF(VOUT_setting=1,1,SQRT(1+(A26*zterm1)^2)) | P26: =IF(VOUT_setting=1,0,ATAN(((A26*zterm1)))) | Q26: =IF(VOUT_setting=1,1,SQRT((1+Afbr-$Q$5*(A26)^2)^2+(A26*$Q$4)^2)) | R26: =IF(VOUT_setting=1,0,ATAN(A26*$Q$4/(1+Afbr-$Q$5*(A26)^2))) | S26: =SQRT((1-(Z26/pterm2))^2+(A26/pterm1)^2) | T26: =IF((ATAN((A26/pterm1)/(1-A26^2/pterm2))>0),ATAN((A26/pterm1)/(1-A26^2/pterm2)),PI()+ATAN((A26/pterm1)/(1-A26^2/pterm2))) | U26: =20*LOG10(((E26*K26*G26*O26)/(C26*I26*S26*M26*Q26))*Adc) | V26: =((F26+L26+H26+P26)-(D26+J26+T26+N26+R26))*radconv | W26: =IF(V26>0,V26,V26+180) | Y26: =IF(U26<0,A26,1000000000) | Z26: =A26^2 | AB26: =20*LOG10((K26/(I26*M26))*AEA) | AC26: =(L26-(J26+N26))*radconv | AE26: =20*LOG10((E26*G26/(C26*S26))*Acs*Am) | AF26: =(F26+H26-(D26+T26))*radconv | AH26: =SUM((U27<0)*(U26>0))*A26 | AI26: =IF(AH26>0,W24,0)
... A89: 1096.5 | B89: =A89/1000 | C89: =SQRT(1+(A89/pole1)^2) | D89: =ATAN(A89/pole1) | E89: =SQRT(1+(A89/Zero1)^2) | F89: =ATAN(A89/Zero1) | G89: =IF(VIN_nom>Vout, 1, SQRT(1+(A89/z_RHP)^2)) | H89: =IF(VIN_nom>Vout, 0, -ATAN(A89/z_RHP)) | I89: =SQRT(1+(A89/Pole2)^2) | J89: =ATAN(A89/Pole2) | K89: =SQRT(1+(A89/Zero2)^2) | L89: =ATAN(A89/Zero2) | M89: =SQRT(1+(A89/pole4)^2) | N89: =ATAN(A89/pole4) | O89: =IF(VOUT_setting=1,1,SQRT(1+(A89*zterm1)^2)) | P89: =IF(VOUT_setting=1,0,ATAN(((A89*zterm1)))) | Q89: =IF(VOUT_setting=1,1,SQRT((1+Afbr-$Q$5*(A89)^2)^2+(A89*$Q$4)^2)) | R89: =IF(VOUT_setting=1,0,ATAN(A89*$Q$4/(1+Afbr-$Q$5*(A89)^2))) | S89: =SQRT((1-(Z89/pterm2))^2+(A89/pterm1)^2) | T89: =IF((ATAN((A89/pterm1)/(1-A89^2/pterm2))>0),ATAN((A89/pterm1)/(1-A89^2/pterm2)),PI()+ATAN((A89/pterm1)/(1-A89^2/pterm2))) | U89: =20*LOG10(((E89*K89*G89*O89)/(C89*I89*S89*M89*Q89))*Adc) | V89: =((F89+L89+H89+P89)-(D89+J89+T89+N89+R89))*radconv | W89: =IF(V89>0,V89,V89+180) | Y89: =IF(U89<0,A89,1000000000) | Z89: =A89^2 | AB89: =20*LOG10((K89/(I89*M89))*AEA) | AC89: =(L89-(J89+N89))*radconv | AE89: =20*LOG10((E89*G89/(C89*S89))*Acs*Am) | AF89: =(F89+H89-(D89+T89))*radconv | AH89: =SUM((U90<0)*(U89>0))*A89 | AI89: =IF(AH89>0,W87,0)
A90: 1202.3 | B90: =A90/1000 | C90: =SQRT(1+(A90/pole1)^2) | D90: =ATAN(A90/pole1) | E90: =SQRT(1+(A90/Zero1)^2) | F90: =ATAN(A90/Zero1) | G90: =IF(VIN_nom>Vout, 1, SQRT(1+(A90/z_RHP)^2)) | H90: =IF(VIN_nom>Vout, 0, -ATAN(A90/z_RHP)) | I90: =SQRT(1+(A90/Pole2)^2) | J90: =ATAN(A90/Pole2) | K90: =SQRT(1+(A90/Zero2)^2) | L90: =ATAN(A90/Zero2) | M90: =SQRT(1+(A90/pole4)^2) | N90: =ATAN(A90/pole4) | O90: =IF(VOUT_setting=1,1,SQRT(1+(A90*zterm1)^2)) | P90: =IF(VOUT_setting=1,0,ATAN(((A90*zterm1)))) | Q90: =IF(VOUT_setting=1,1,SQRT((1+Afbr-$Q$5*(A90)^2)^2+(A90*$Q$4)^2)) | R90: =IF(VOUT_setting=1,0,ATAN(A90*$Q$4/(1+Afbr-$Q$5*(A90)^2))) | S90: =SQRT((1-(Z90/pterm2))^2+(A90/pterm1)^2) | T90: =IF((ATAN((A90/pterm1)/(1-A90^2/pterm2))>0),ATAN((A90/pterm1)/(1-A90^2/pterm2)),PI()+ATAN((A90/pterm1)/(1-A90^2/pterm2))) | U90: =20*LOG10(((E90*K90*G90*O90)/(C90*I90*S90*M90*Q90))*Adc) | V90: =((F90+L90+H90+P90)-(D90+J90+T90+N90+R90))*radconv | W90: =IF(V90>0,V90,V90+180) | Y90: =IF(U90<0,A90,1000000000) | Z90: =A90^2 | AB90: =20*LOG10((K90/(I90*M90))*AEA) | AC90: =(L90-(J90+N90))*radconv | AE90: =20*LOG10((E90*G90/(C90*S90))*Acs*Am) | AF90: =(F90+H90-(D90+T90))*radconv | AH90: =SUM((U91<0)*(U90>0))*A90 | AI90: =IF(AH90>0,W90,0)
A91: 1318.3 | B91: =A91/1000 | C91: =SQRT(1+(A91/pole1)^2) | D91: =ATAN(A91/pole1) | E91: =SQRT(1+(A91/Zero1)^2) | F91: =ATAN(A91/Zero1) | G91: =IF(VIN_nom>Vout, 1, SQRT(1+(A91/z_RHP)^2)) | H91: =IF(VIN_nom>Vout, 0, -ATAN(A91/z_RHP)) | I91: =SQRT(1+(A91/Pole2)^2) | J91: =ATAN(A91/Pole2) | K91: =SQRT(1+(A91/Zero2)^2) | L91: =ATAN(A91/Zero2) | M91: =SQRT(1+(A91/pole4)^2) | N91: =ATAN(A91/pole4) | O91: =IF(VOUT_setting=1,1,SQRT(1+(A91*zterm1)^2)) | P91: =IF(VOUT_setting=1,0,ATAN(((A91*zterm1)))) | Q91: =IF(VOUT_setting=1,1,SQRT((1+Afbr-$Q$5*(A91)^2)^2+(A91*$Q$4)^2)) | R91: =IF(VOUT_setting=1,0,ATAN(A91*$Q$4/(1+Afbr-$Q$5*(A91)^2))) | S91: =SQRT((1-(Z91/pterm2))^2+(A91/pterm1)^2) | T91: =IF((ATAN((A91/pterm1)/(1-A91^2/pterm2))>0),ATAN((A91/pterm1)/(1-A91^2/pterm2)),PI()+ATAN((A91/pterm1)/(1-A91^2/pterm2))) | U91: =20*LOG10(((E91*K91*G91*O91)/(C91*I91*S91*M91*Q91))*Adc) | V91: =((F91+L91+H91+P91)-(D91+J91+T91+N91+R91))*radconv | W91: =IF(V91>0,V91,V91+180) | Y91: =IF(U91<0,A91,1000000000) | Z91: =A91^2 | AB91: =20*LOG10((K91/(I91*M91))*AEA) | AC91: =(L91-(J91+N91))*radconv | AE91: =20*LOG10((E91*G91/(C91*S91))*Acs*Am) | AF91: =(F91+H91-(D91+T91))*radconv | AH91: =SUM((U92<0)*(U91>0))*A91 | AI91: =IF(AH91>0,W91,0)
A92: 1445.4 | B92: =A92/1000 | C92: =SQRT(1+(A92/pole1)^2) | D92: =ATAN(A92/pole1) | E92: =SQRT(1+(A92/Zero1)^2) | F92: =ATAN(A92/Zero1) | G92: =IF(VIN_nom>Vout, 1, SQRT(1+(A92/z_RHP)^2)) | H92: =IF(VIN_nom>Vout, 0, -ATAN(A92/z_RHP)) | I92: =SQRT(1+(A92/Pole2)^2) | J92: =ATAN(A92/Pole2) | K92: =SQRT(1+(A92/Zero2)^2) | L92: =ATAN(A92/Zero2) | M92: =SQRT(1+(A92/pole4)^2) | N92: =ATAN(A92/pole4) | O92: =IF(VOUT_setting=1,1,SQRT(1+(A92*zterm1)^2)) | P92: =IF(VOUT_setting=1,0,ATAN(((A92*zterm1)))) | Q92: =IF(VOUT_setting=1,1,SQRT((1+Afbr-$Q$5*(A92)^2)^2+(A92*$Q$4)^2)) | R92: =IF(VOUT_setting=1,0,ATAN(A92*$Q$4/(1+Afbr-$Q$5*(A92)^2))) | S92: =SQRT((1-(Z92/pterm2))^2+(A92/pterm1)^2) | T92: =IF((ATAN((A92/pterm1)/(1-A92^2/pterm2))>0),ATAN((A92/pterm1)/(1-A92^2/pterm2)),PI()+ATAN((A92/pterm1)/(1-A92^2/pterm2))) | U92: =20*LOG10(((E92*K92*G92*O92)/(C92*I92*S92*M92*Q92))*Adc) | V92: =((F92+L92+H92+P92)-(D92+J92+T92+N92+R92))*radconv | W92: =IF(V92>0,V92,V92+180) | Y92: =IF(U92<0,A92,1000000000) | Z92: =A92^2 | AB92: =20*LOG10((K92/(I92*M92))*AEA) | AC92: =(L92-(J92+N92))*radconv | AE92: =20*LOG10((E92*G92/(C92*S92))*Acs*Am) | AF92: =(F92+H92-(D92+T92))*radconv | AH92: =SUM((U93<0)*(U92>0))*A92 | AI92: =IF(AH92>0,W92,0)
A93: 1584.9 | B93: =A93/1000 | C93: =SQRT(1+(A93/pole1)^2) | D93: =ATAN(A93/pole1) | E93: =SQRT(1+(A93/Zero1)^2) | F93: =ATAN(A93/Zero1) | G93: =IF(VIN_nom>Vout, 1, SQRT(1+(A93/z_RHP)^2)) | H93: =IF(VIN_nom>Vout, 0, -ATAN(A93/z_RHP)) | I93: =SQRT(1+(A93/Pole2)^2) | J93: =ATAN(A93/Pole2) | K93: =SQRT(1+(A93/Zero2)^2) | L93: =ATAN(A93/Zero2) | M93: =SQRT(1+(A93/pole4)^2) | N93: =ATAN(A93/pole4) | O93: =IF(VOUT_setting=1,1,SQRT(1+(A93*zterm1)^2)) | P93: =IF(VOUT_setting=1,0,ATAN(((A93*zterm1)))) | Q93: =IF(VOUT_setting=1,1,SQRT((1+Afbr-$Q$5*(A93)^2)^2+(A93*$Q$4)^2)) | R93: =IF(VOUT_setting=1,0,ATAN(A93*$Q$4/(1+Afbr-$Q$5*(A93)^2))) | S93: =SQRT((1-(Z93/pterm2))^2+(A93/pterm1)^2) | T93: =IF((ATAN((A93/pterm1)/(1-A93^2/pterm2))>0),ATAN((A93/pterm1)/(1-A93^2/pterm2)),PI()+ATAN((A93/pterm1)/(1-A93^2/pterm2))) | U93: =20*LOG10(((E93*K93*G93*O93)/(C93*I93*S93*M93*Q93))*Adc) | V93: =((F93+L93+H93+P93)-(D93+J93+T93+N93+R93))*radconv | W93: =IF(V93>0,V93,V93+180) | Y93: =IF(U93<0,A93,1000000000) | Z93: =A93^2 | AB93: =20*LOG10((K93/(I93*M93))*AEA) | AC93: =(L93-(J93+N93))*radconv | AE93: =20*LOG10((E93*G93/(C93*S93))*Acs*Am) | AF93: =(F93+H93-(D93+T93))*radconv | AH93: =SUM((U94<0)*(U93>0))*A93 | AI93: =IF(AH93>0,W93,0)
A94: 1737.8 | B94: =A94/1000 | C94: =SQRT(1+(A94/pole1)^2) | D94: =ATAN(A94/pole1) | E94: =SQRT(1+(A94/Zero1)^2) | F94: =ATAN(A94/Zero1) | G94: =IF(VIN_nom>Vout, 1, SQRT(1+(A94/z_RHP)^2)) | H94: =IF(VIN_nom>Vout, 0, -ATAN(A94/z_RHP)) | I94: =SQRT(1+(A94/Pole2)^2) | J94: =ATAN(A94/Pole2) | K94: =SQRT(1+(A94/Zero2)^2) | L94: =ATAN(A94/Zero2) | M94: =SQRT(1+(A94/pole4)^2) | N94: =ATAN(A94/pole4) | O94: =IF(VOUT_setting=1,1,SQRT(1+(A94*zterm1)^2)) | P94: =IF(VOUT_setting=1,0,ATAN(((A94*zterm1)))) | Q94: =IF(VOUT_setting=1,1,SQRT((1+Afbr-$Q$5*(A94)^2)^2+(A94*$Q$4)^2)) | R94: =IF(VOUT_setting=1,0,ATAN(A94*$Q$4/(1+Afbr-$Q$5*(A94)^2))) | S94: =SQRT((1-(Z94/pterm2))^2+(A94/pterm1)^2) | T94: =IF((ATAN((A94/pterm1)/(1-A94^2/pterm2))>0),ATAN((A94/pterm1)/(1-A94^2/pterm2)),PI()+ATAN((A94/pterm1)/(1-A94^2/pterm2))) | U94: =20*LOG10(((E94*K94*G94*O94)/(C94*I94*S94*M94*Q94))*Adc) | V94: =((F94+L94+H94+P94)-(D94+J94+T94+N94+R94))*radconv | W94: =IF(V94>0,V94,V94+180) | Y94: =IF(U94<0,A94,1000000000) | Z94: =A94^2 | AB94: =20*LOG10((K94/(I94*M94))*AEA) | AC94: =(L94-(J94+N94))*radconv | AE94: =20*LOG10((E94*G94/(C94*S94))*Acs*Am) | AF94: =(F94+H94-(D94+T94))*radconv | AH94: =SUM((U95<0)*(U94>0))*A94 | AI94: =IF(AH94>0,W94,0)
A95: 1905.5 | B95: =A95/1000 | C95: =SQRT(1+(A95/pole1)^2) | D95: =ATAN(A95/pole1) | E95: =SQRT(1+(A95/Zero1)^2) | F95: =ATAN(A95/Zero1) | G95: =IF(VIN_nom>Vout, 1, SQRT(1+(A95/z_RHP)^2)) | H95: =IF(VIN_nom>Vout, 0, -ATAN(A95/z_RHP)) | I95: =SQRT(1+(A95/Pole2)^2) | J95: =ATAN(A95/Pole2) | K95: =SQRT(1+(A95/Zero2)^2) | L95: =ATAN(A95/Zero2) | M95: =SQRT(1+(A95/pole4)^2) | N95: =ATAN(A95/pole4) | O95: =IF(VOUT_setting=1,1,SQRT(1+(A95*zterm1)^2)) | P95: =IF(VOUT_setting=1,0,ATAN(((A95*zterm1)))) | Q95: =IF(VOUT_setting=1,1,SQRT((1+Afbr-$Q$5*(A95)^2)^2+(A95*$Q$4)^2)) | R95: =IF(VOUT_setting=1,0,ATAN(A95*$Q$4/(1+Afbr-$Q$5*(A95)^2))) | S95: =SQRT((1-(Z95/pterm2))^2+(A95/pterm1)^2) | T95: =IF((ATAN((A95/pterm1)/(1-A95^2/pterm2))>0),ATAN((A95/pterm1)/(1-A95^2/pterm2)),PI()+ATAN((A95/pterm1)/(1-A95^2/pterm2))) | U95: =20*LOG10(((E95*K95*G95*O95)/(C95*I95*S95*M95*Q95))*Adc) | V95: =((F95+L95+H95+P95)-(D95+J95+T95+N95+R95))*radconv | W95: =IF(V95>0,V95,V95+180) | Y95: =IF(U95<0,A95,1000000000) | Z95: =A95^2 | AB95: =20*LOG10((K95/(I95*M95))*AEA) | AC95: =(L95-(J95+N95))*radconv | AE95: =20*LOG10((E95*G95/(C95*S95))*Acs*Am) | AF95: =(F95+H95-(D95+T95))*radconv | AH95: =SUM((U96<0)*(U95>0))*A95 | AI95: =IF(AH95>0,W95,0)
A96: 2089.3 | B96: =A96/1000 | C96: =SQRT(1+(A96/pole1)^2) | D96: =ATAN(A96/pole1) | E96: =SQRT(1+(A96/Zero1)^2) | F96: =ATAN(A96/Zero1) | G96: =IF(VIN_nom>Vout, 1, SQRT(1+(A96/z_RHP)^2)) | H96: =IF(VIN_nom>Vout, 0, -ATAN(A96/z_RHP)) | I96: =SQRT(1+(A96/Pole2)^2) | J96: =ATAN(A96/Pole2) | K96: =SQRT(1+(A96/Zero2)^2) | L96: =ATAN(A96/Zero2) | M96: =SQRT(1+(A96/pole4)^2) | N96: =ATAN(A96/pole4) | O96: =IF(VOUT_setting=1,1,SQRT(1+(A96*zterm1)^2)) | P96: =IF(VOUT_setting=1,0,ATAN(((A96*zterm1)))) | Q96: =IF(VOUT_setting=1,1,SQRT((1+Afbr-$Q$5*(A96)^2)^2+(A96*$Q$4)^2)) | R96: =IF(VOUT_setting=1,0,ATAN(A96*$Q$4/(1+Afbr-$Q$5*(A96)^2))) | S96: =SQRT((1-(Z96/pterm2))^2+(A96/pterm1)^2) | T96: =IF((ATAN((A96/pterm1)/(1-A96^2/pterm2))>0),ATAN((A96/pterm1)/(1-A96^2/pterm2)),PI()+ATAN((A96/pterm1)/(1-A96^2/pterm2))) | U96: =20*LOG10(((E96*K96*G96*O96)/(C96*I96*S96*M96*Q96))*Adc) | V96: =((F96+L96+H96+P96)-(D96+J96+T96+N96+R96))*radconv | W96: =IF(V96>0,V96,V96+180) | Y96: =IF(U96<0,A96,1000000000) | Z96: =A96^2 | AB96: =20*LOG10((K96/(I96*M96))*AEA) | AC96: =(L96-(J96+N96))*radconv | AE96: =20*LOG10((E96*G96/(C96*S96))*Acs*Am) | AF96: =(F96+H96-(D96+T96))*radconv | AH96: =SUM((U97<0)*(U96>0))*A96 | AI96: =IF(AH96>0,W96,0)
A97: 2290.9 | B97: =A97/1000 | C97: =SQRT(1+(A97/pole1)^2) | D97: =ATAN(A97/pole1) | E97: =SQRT(1+(A97/Zero1)^2) | F97: =ATAN(A97/Zero1) | G97: =IF(VIN_nom>Vout, 1, SQRT(1+(A97/z_RHP)^2)) | H97: =IF(VIN_nom>Vout, 0, -ATAN(A97/z_RHP)) | I97: =SQRT(1+(A97/Pole2)^2) | J97: =ATAN(A97/Pole2) | K97: =SQRT(1+(A97/Zero2)^2) | L97: =ATAN(A97/Zero2) | M97: =SQRT(1+(A97/pole4)^2) | N97: =ATAN(A97/pole4) | O97: =IF(VOUT_setting=1,1,SQRT(1+(A97*zterm1)^2)) | P97: =IF(VOUT_setting=1,0,ATAN(((A97*zterm1)))) | Q97: =IF(VOUT_setting=1,1,SQRT((1+Afbr-$Q$5*(A97)^2)^2+(A97*$Q$4)^2)) | R97: =IF(VOUT_setting=1,0,ATAN(A97*$Q$4/(1+Afbr-$Q$5*(A97)^2))) | S97: =SQRT((1-(Z97/pterm2))^2+(A97/pterm1)^2) | T97: =IF((ATAN((A97/pterm1)/(1-A97^2/pterm2))>0),ATAN((A97/pterm1)/(1-A97^2/pterm2)),PI()+ATAN((A97/pterm1)/(1-A97^2/pterm2))) | U97: =20*LOG10(((E97*K97*G97*O97)/(C97*I97*S97*M97*Q97))*Adc) | V97: =((F97+L97+H97+P97)-(D97+J97+T97+N97+R97))*radconv | W97: =IF(V97>0,V97,V97+180) | Y97: =IF(U97<0,A97,1000000000) | Z97: =A97^2 | AB97: =20*LOG10((K97/(I97*M97))*AEA) | AC97: =(L97-(J97+N97))*radconv | AE97: =20*LOG10((E97*G97/(C97*S97))*Acs*Am) | AF97: =(F97+H97-(D97+T97))*radconv | AH97: =SUM((U98<0)*(U97>0))*A97 | AI97: =IF(AH97>0,W97,0)
A98: 2511.9 | B98: =A98/1000 | C98: =SQRT(1+(A98/pole1)^2) | D98: =ATAN(A98/pole1) | E98: =SQRT(1+(A98/Zero1)^2) | F98: =ATAN(A98/Zero1) | G98: =IF(VIN_nom>Vout, 1, SQRT(1+(A98/z_RHP)^2)) | H98: =IF(VIN_nom>Vout, 0, -ATAN(A98/z_RHP)) | I98: =SQRT(1+(A98/Pole2)^2) | J98: =ATAN(A98/Pole2) | K98: =SQRT(1+(A98/Zero2)^2) | L98: =ATAN(A98/Zero2) | M98: =SQRT(1+(A98/pole4)^2) | N98: =ATAN(A98/pole4) | O98: =IF(VOUT_setting=1,1,SQRT(1+(A98*zterm1)^2)) | P98: =IF(VOUT_setting=1,0,ATAN(((A98*zterm1)))) | Q98: =IF(VOUT_setting=1,1,SQRT((1+Afbr-$Q$5*(A98)^2)^2+(A98*$Q$4)^2)) | R98: =IF(VOUT_setting=1,0,ATAN(A98*$Q$4/(1+Afbr-$Q$5*(A98)^2))) | S98: =SQRT((1-(Z98/pterm2))^2+(A98/pterm1)^2) | T98: =IF((ATAN((A98/pterm1)/(1-A98^2/pterm2))>0),ATAN((A98/pterm1)/(1-A98^2/pterm2)),PI()+ATAN((A98/pterm1)/(1-A98^2/pterm2))) | U98: =20*LOG10(((E98*K98*G98*O98)/(C98*I98*S98*M98*Q98))*Adc) | V98: =((F98+L98+H98+P98)-(D98+J98+T98+N98+R98))*radconv | W98: =IF(V98>0,V98,V98+180) | Y98: =IF(U98<0,A98,1000000000) | Z98: =A98^2 | AB98: =20*LOG10((K98/(I98*M98))*AEA) | AC98: =(L98-(J98+N98))*radconv | AE98: =20*LOG10((E98*G98/(C98*S98))*Acs*Am) | AF98: =(F98+H98-(D98+T98))*radconv | AH98: =SUM((U99<0)*(U98>0))*A98 | AI98: =IF(AH98>0,W98,0)
A99: 2754.2 | B99: =A99/1000 | C99: =SQRT(1+(A99/pole1)^2) | D99: =ATAN(A99/pole1) | E99: =SQRT(1+(A99/Zero1)^2) | F99: =ATAN(A99/Zero1) | G99: =IF(VIN_nom>Vout, 1, SQRT(1+(A99/z_RHP)^2)) | H99: =IF(VIN_nom>Vout, 0, -ATAN(A99/z_RHP)) | I99: =SQRT(1+(A99/Pole2)^2) | J99: =ATAN(A99/Pole2) | K99: =SQRT(1+(A99/Zero2)^2) | L99: =ATAN(A99/Zero2) | M99: =SQRT(1+(A99/pole4)^2) | N99: =ATAN(A99/pole4) | O99: =IF(VOUT_setting=1,1,SQRT(1+(A99*zterm1)^2)) | P99: =IF(VOUT_setting=1,0,ATAN(((A99*zterm1)))) | Q99: =IF(VOUT_setting=1,1,SQRT((1+Afbr-$Q$5*(A99)^2)^2+(A99*$Q$4)^2)) | R99: =IF(VOUT_setting=1,0,ATAN(A99*$Q$4/(1+Afbr-$Q$5*(A99)^2))) | S99: =SQRT((1-(Z99/pterm2))^2+(A99/pterm1)^2) | T99: =IF((ATAN((A99/pterm1)/(1-A99^2/pterm2))>0),ATAN((A99/pterm1)/(1-A99^2/pterm2)),PI()+ATAN((A99/pterm1)/(1-A99^2/pterm2))) | U99: =20*LOG10(((E99*K99*G99*O99)/(C99*I99*S99*M99*Q99))*Adc) | V99: =((F99+L99+H99+P99)-(D99+J99+T99+N99+R99))*radconv | W99: =IF(V99>0,V99,V99+180) | Y99: =IF(U99<0,A99,1000000000) | Z99: =A99^2 | AB99: =20*LOG10((K99/(I99*M99))*AEA) | AC99: =(L99-(J99+N99))*radconv | AE99: =20*LOG10((E99*G99/(C99*S99))*Acs*Am) | AF99: =(F99+H99-(D99+T99))*radconv | AH99: =SUM((U100<0)*(U99>0))*A99 | AI99: =IF(AH99>0,W99,0)
A100: 3020 | B100: =A100/1000 | C100: =SQRT(1+(A100/pole1)^2) | D100: =ATAN(A100/pole1) | E100: =SQRT(1+(A100/Zero1)^2) | F100: =ATAN(A100/Zero1) | G100: =IF(VIN_nom>Vout, 1, SQRT(1+(A100/z_RHP)^2)) | H100: =IF(VIN_nom>Vout, 0, -ATAN(A100/z_RHP)) | I100: =SQRT(1+(A100/Pole2)^2) | J100: =ATAN(A100/Pole2) | K100: =SQRT(1+(A100/Zero2)^2) | L100: =ATAN(A100/Zero2) | M100: =SQRT(1+(A100/pole4)^2) | N100: =ATAN(A100/pole4) | O100: =IF(VOUT_setting=1,1,SQRT(1+(A100*zterm1)^2)) | P100: =IF(VOUT_setting=1,0,ATAN(((A100*zterm1)))) | Q100: =IF(VOUT_setting=1,1,SQRT((1+Afbr-$Q$5*(A100)^2)^2+(A100*$Q$4)^2)) | R100: =IF(VOUT_setting=1,0,ATAN(A100*$Q$4/(1+Afbr-$Q$5*(A100)^2))) | S100: =SQRT((1-(Z100/pterm2))^2+(A100/pterm1)^2) | T100: =IF((ATAN((A100/pterm1)/(1-A100^2/pterm2))>0),ATAN((A100/pterm1)/(1-A100^2/pterm2)),PI()+ATAN((A100/pterm1)/(1-A100^2/pterm2))) | U100: =20*LOG10(((E100*K100*G100*O100)/(C100*I100*S100*M100*Q100))*Adc) | V100: =((F100+L100+H100+P100)-(D100+J100+T100+N100+R100))*radconv | W100: =IF(V100>0,V100,V100+180) | Y100: =IF(U100<0,A100,1000000000) | Z100: =A100^2 | AB100: =20*LOG10((K100/(I100*M100))*AEA) | AC100: =(L100-(J100+N100))*radconv | AE100: =20*LOG10((E100*G100/(C100*S100))*Acs*Am) | AF100: =(F100+H100-(D100+T100))*radconv | AH100: =SUM((U101<0)*(U100>0))*A100 | AI100: =IF(AH100>0,W100,0)
A101: 3311.3 | B101: =A101/1000 | C101: =SQRT(1+(A101/pole1)^2) | D101: =ATAN(A101/pole1) | E101: =SQRT(1+(A101/Zero1)^2) | F101: =ATAN(A101/Zero1) | G101: =IF(VIN_nom>Vout, 1, SQRT(1+(A101/z_RHP)^2)) | H101: =IF(VIN_nom>Vout, 0, -ATAN(A101/z_RHP)) | I101: =SQRT(1+(A101/Pole2)^2) | J101: =ATAN(A101/Pole2) | K101: =SQRT(1+(A101/Zero2)^2) | L101: =ATAN(A101/Zero2) | M101: =SQRT(1+(A101/pole4)^2) | N101: =ATAN(A101/pole4) | O101: =IF(VOUT_setting=1,1,SQRT(1+(A101*zterm1)^2)) | P101: =IF(VOUT_setting=1,0,ATAN(((A101*zterm1)))) | Q101: =IF(VOUT_setting=1,1,SQRT((1+Afbr-$Q$5*(A101)^2)^2+(A101*$Q$4)^2)) | R101: =IF(VOUT_setting=1,0,ATAN(A101*$Q$4/(1+Afbr-$Q$5*(A101)^2))) | S101: =SQRT((1-(Z101/pterm2))^2+(A101/pterm1)^2) | T101: =IF((ATAN((A101/pterm1)/(1-A101^2/pterm2))>0),ATAN((A101/pterm1)/(1-A101^2/pterm2)),PI()+ATAN((A101/pterm1)/(1-A101^2/pterm2))) | U101: =20*LOG10(((E101*K101*G101*O101)/(C101*I101*S101*M101*Q101))*Adc) | V101: =((F101+L101+H101+P101)-(D101+J101+T101+N101+R101))*radconv | W101: =IF(V101>0,V101,V101+180) | Y101: =IF(U101<0,A101,1000000000) | Z101: =A101^2 | AB101: =20*LOG10((K101/(I101*M101))*AEA) | AC101: =(L101-(J101+N101))*radconv | AE101: =20*LOG10((E101*G101/(C101*S101))*Acs*Am) | AF101: =(F101+H101-(D101+T101))*radconv | AH101: =SUM((U102<0)*(U101>0))*A101 | AI101: =IF(AH101>0,W101,0)
... A613: 1000000 | B613: =A613/1000 | C613: =SQRT(1+(A613/pole1)^2) | D613: =ATAN(A613/pole1) | E613: =SQRT(1+(A613/Zero1)^2) | F613: =ATAN(A613/Zero1) | G613: =IF(VIN_nom>Vout, 1, SQRT(1+(A613/z_RHP)^2)) | H613: =IF(VIN_nom>Vout, 0, -ATAN(A613/z_RHP)) | I613: =SQRT(1+(A613/Pole2)^2) | J613: =ATAN(A613/Pole2) | K613: =SQRT(1+(A613/Zero2)^2) | L613: =ATAN(A613/Zero2) | M613: =SQRT(1+(A613/pole4)^2) | N613: =ATAN(A613/pole4) | O613: =IF(VOUT_setting=1,1,SQRT(1+(A613*zterm1)^2)) | P613: =IF(VOUT_setting=1,0,ATAN(((A613*zterm1)))) | Q613: =IF(VOUT_setting=1,1,SQRT((1+Afbr-$Q$5*(A613)^2)^2+(A613*$Q$4)^2)) | R613: =IF(VOUT_setting=1,0,ATAN(A613*$Q$4/(1+Afbr-$Q$5*(A613)^2))) | S613: =SQRT((1-(Z613/pterm2))^2+(A613/pterm1)^2) | T613: =IF((ATAN((A613/pterm1)/(1-A613^2/pterm2))>0),ATAN((A613/pterm1)/(1-A613^2/pterm2)),PI()+ATAN((A613/pterm1)/(1-A613^2/pterm2))) | U613: =20*LOG10(((E613*K613*G613*O613)/(C613*I613*S613*M613*Q613))*Adc) | V613: =((F613+L613+H613+P613)-(D613+J613+T613+N613+R613))*radconv | W613: =IF(V613>0,V613,V613+180) | Y613: =IF(U613<0,A613,1000000000) | Z613: =A613^2 | AB613: =20*LOG10((K613/(I613*M613))*AEA) | AC613: =(L613-(J613+N613))*radconv | AE613: =20*LOG10((E613*G613/(C613*S613))*Acs*Am) | AF613: =(F613+H613-(D613+T613))*radconv | AH613: =SUM((U614<0)*(U613>0))*A613 | AI613: =IF(AH613>0,W613,0)
A616: Pole/Zero Locations for Chart
A617: =U4*1000 | C617: =SQRT(1+(A617/pole1)^2) | D617: =ATAN(A617/pole1) | E617: =SQRT(1+(A617/Zero1)^2) | F617: =ATAN(A617/Zero1) | G617: =IF(VIN_nom>Vout, 1, SQRT(1+(A617/z_RHP)^2)) | H617: =IF(VIN_nom>Vout, 0, -ATAN(A617/z_RHP)) | I617: =SQRT(1+(A617/Pole2)^2) | J617: =ATAN(A617/Pole2) | K617: =SQRT(1+(A617/Zero2)^2) | L617: =ATAN(A617/Zero2) | M617: =SQRT(1+(A617/pole4)^2) | N617: =ATAN(A617/pole4) | O617: =IF(VOUT_setting=1,1,SQRT(1+(A617*zterm1)^2)) | P617: =IF(VOUT_setting=1,0,ATAN(((A617*zterm1)))) | Q617: =IF(VOUT_setting=1,1,SQRT((1+Afbr-$Q$5*(A617)^2)^2+(A617*$Q$4)^2)) | R617: =IF(VOUT_setting=1,0,ATAN(A617*$Q$4/(1+Afbr-$Q$5*(A617)^2))) | S617: =SQRT((1-(A617^2/(pole3^2)))^2+(A617/(Q*pole3))^2) | T617: =ATAN((A617/(Q*pole3))/(1-A617^2/pole3^2)) | U617: =20*LOG10(((E617*K617*G617*O617)/(C617*I617*S617*M617*Q617))*Adc) | V617: =((F617+L617+H617+P617)-(D617+J617+T617+N617+R617))*radconv | W617: =IF(V617>0,V617,V617+180) | X617: crossover | AB617: =20*LOG10((K617/(I617*M617))*AEA) | AC617: =(L617-(J617+N617))*radconv | AE617: =20*LOG10((E617*G617/(C617*S617))*Acs*Am) | AF617: =(F617+H617-(D617+T617))*radconv
A618: =A617 | V618: -135
A619: =A618
A620: 1000000 | V620: =V617
A622: =pole1 | C622: =SQRT(1+(A622/pole1)^2) | D622: =ATAN(A622/pole1) | E622: =SQRT(1+(A622/Zero1)^2) | F622: =ATAN(A622/Zero1) | G622: =IF(VIN_nom>Vout, 1, SQRT(1+(A622/z_RHP)^2)) | H622: =IF(VIN_nom>Vout, 0, -ATAN(A622/z_RHP)) | I622: =SQRT(1+(A622/Pole2)^2) | J622: =ATAN(A622/Pole2) | K622: =SQRT(1+(A622/Zero2)^2) | L622: =ATAN(A622/Zero2) | M622: =SQRT(1+(A622/pole4)^2) | N622: =ATAN(A622/pole4) | O622: =IF(VOUT_setting=1,1,SQRT(1+(A622*zterm1)^2)) | P622: =IF(VOUT_setting=1,0,ATAN(((A622*zterm1)))) | Q622: =IF(VOUT_setting=1,1,SQRT((1+Afbr-$Q$5*(A622)^2)^2+(A622*$Q$4)^2)) | R622: =IF(VOUT_setting=1,0,ATAN(A622*$Q$4/(1+Afbr-$Q$5*(A622)^2))) | S622: =SQRT((1-(A622^2/(pole3^2)))^2+(A622/(Q*pole3))^2) | T622: =ATAN((A622/(Q*pole3))/(1-A622^2/pole3^2)) | U622: =20*LOG10(((E622*K622*G622*O622)/(C622*I622*S622*M622*Q622))*Adc) | V622: =((F622+L622+H622+P622)-(D622+J622+T622+N622+R622))*radconv | W622: =IF(V622>0,V622,V622+180) | X622: p1 | AB622: =20*LOG10((K622/(I622*M622))*AEA) | AC622: =(L622-(J622+N622))*radconv | AE622: =20*LOG10((E622*G622/(C622*S622))*Acs*Am) | AF622: =(F622+H622-(D622+T622))*radconv
A623: =Zero1 | C623: =SQRT(1+(A623/pole1)^2) | D623: =ATAN(A623/pole1) | E623: =SQRT(1+(A623/Zero1)^2) | F623: =ATAN(A623/Zero1) | G623: =IF(VIN_nom>Vout, 1, SQRT(1+(A623/z_RHP)^2)) | H623: =IF(VIN_nom>Vout, 0, -ATAN(A623/z_RHP)) | I623: =SQRT(1+(A623/Pole2)^2) | J623: =ATAN(A623/Pole2) | K623: =SQRT(1+(A623/Zero2)^2) | L623: =ATAN(A623/Zero2) | M623: =SQRT(1+(A623/pole4)^2) | N623: =ATAN(A623/pole4) | O623: =IF(VOUT_setting=1,1,SQRT(1+(A623*zterm1)^2)) | P623: =IF(VOUT_setting=1,0,ATAN(((A623*zterm1)))) | Q623: =IF(VOUT_setting=1,1,SQRT((1+Afbr-$Q$5*(A623)^2)^2+(A623*$Q$4)^2)) | R623: =IF(VOUT_setting=1,0,ATAN(A623*$Q$4/(1+Afbr-$Q$5*(A623)^2))) | S623: =SQRT((1-(A623^2/(pole3^2)))^2+(A623/(Q*pole3))^2) | T623: =ATAN((A623/(Q*pole3))/(1-A623^2/pole3^2)) | U623: =20*LOG10(((E623*K623*G623*O623)/(C623*I623*S623*M623*Q623))*Adc) | V623: =((F623+L623+H623+P623)-(D623+J623+T623+N623+R623))*radconv | W623: =IF(V623>0,V623,V623+180) | X623: z1 | AB623: =20*LOG10((K623/(I623*M623))*AEA) | AC623: =(L623-(J623+N623))*radconv | AE623: =20*LOG10((E623*G623/(C623*S623))*Acs*Am) | AF623: =(F623+H623-(D623+T623))*radconv
A624: =Pole2 | C624: =SQRT(1+(A624/pole1)^2) | D624: =ATAN(A624/pole1) | E624: =SQRT(1+(A624/Zero1)^2) | F624: =ATAN(A624/Zero1) | G624: =IF(VIN_nom>Vout, 1, SQRT(1+(A624/z_RHP)^2)) | H624: =IF(VIN_nom>Vout, 0, -ATAN(A624/z_RHP)) | I624: =SQRT(1+(A624/Pole2)^2) | J624: =ATAN(A624/Pole2) | K624: =SQRT(1+(A624/Zero2)^2) | L624: =ATAN(A624/Zero2) | M624: =SQRT(1+(A624/pole4)^2) | N624: =ATAN(A624/pole4) | O624: =IF(VOUT_setting=1,1,SQRT(1+(A624*zterm1)^2)) | P624: =IF(VOUT_setting=1,0,ATAN(((A624*zterm1)))) | Q624: =IF(VOUT_setting=1,1,SQRT((1+Afbr-$Q$5*(A624)^2)^2+(A624*$Q$4)^2)) | R624: =IF(VOUT_setting=1,0,ATAN(A624*$Q$4/(1+Afbr-$Q$5*(A624)^2))) | S624: =SQRT((1-(A624^2/(pole3^2)))^2+(A624/(Q*pole3))^2) | T624: =ATAN((A624/(Q*pole3))/(1-A624^2/pole3^2)) | U624: =20*LOG10(((E624*K624*G624*O624)/(C624*I624*S624*M624*Q624))*Adc) | V624: =((F624+L624+H624+P624)-(D624+J624+T624+N624+R624))*radconv | W624: =IF(V624>0,V624,V624+180) | X624: p2 | AA624: =Pole2 | AB624: =20*LOG10((K624/(I624*M624))*AEA) | AC624: =(L624-(J624+N624))*radconv | AE624: =20*LOG10((E624*G624/(C624*S624))*Acs*Am) | AF624: =(F624+H624-(D624+T624))*radconv
A625: =Zero2 | C625: =SQRT(1+(A625/pole1)^2) | D625: =ATAN(A625/pole1) | E625: =SQRT(1+(A625/Zero1)^2) | F625: =ATAN(A625/Zero1) | G625: =IF(VIN_nom>Vout, 1, SQRT(1+(A625/z_RHP)^2)) | H625: =IF(VIN_nom>Vout, 0, -ATAN(A625/z_RHP)) | I625: =SQRT(1+(A625/Pole2)^2) | J625: =ATAN(A625/Pole2) | K625: =SQRT(1+(A625/Zero2)^2) | L625: =ATAN(A625/Zero2) | M625: =SQRT(1+(A625/pole4)^2) | N625: =ATAN(A625/pole4) | O625: =IF(VOUT_setting=1,1,SQRT(1+(A625*zterm1)^2)) | P625: =IF(VOUT_setting=1,0,ATAN(((A625*zterm1)))) | Q625: =IF(VOUT_setting=1,1,SQRT((1+Afbr-$Q$5*(A625)^2)^2+(A625*$Q$4)^2)) | R625: =IF(VOUT_setting=1,0,ATAN(A625*$Q$4/(1+Afbr-$Q$5*(A625)^2))) | S625: =SQRT((1-(A625^2/(pole3^2)))^2+(A625/(Q*pole3))^2) | T625: =ATAN((A625/(Q*pole3))/(1-A625^2/pole3^2)) | U625: =20*LOG10(((E625*K625*G625*O625)/(C625*I625*S625*M625*Q625))*Adc) | V625: =((F625+L625+H625+P625)-(D625+J625+T625+N625+R625))*radconv | W625: =IF(V625>0,V625,V625+180) | X625: z2 | AA625: =Zero2 | AB625: =20*LOG10((K625/(I625*M625))*AEA) | AC625: =(L625-(J625+N625))*radconv | AE625: =20*LOG10((E625*G625/(C625*S625))*Acs*Am) | AF625: =(F625+H625-(D625+T625))*radconv
A626: =pole3 | C626: =SQRT(1+(A626/pole1)^2) | D626: =ATAN(A626/pole1) | E626: =SQRT(1+(A626/Zero1)^2) | F626: =ATAN(A626/Zero1) | G626: =IF(VIN_nom>Vout, 1, SQRT(1+(A626/z_RHP)^2)) | H626: =IF(VIN_nom>Vout, 0, -ATAN(A626/z_RHP)) | I626: =SQRT(1+(A626/Pole2)^2) | J626: =ATAN(A626/Pole2) | K626: =SQRT(1+(A626/Zero2)^2) | L626: =ATAN(A626/Zero2) | M626: =SQRT(1+(A626/pole4)^2) | N626: =ATAN(A626/pole4) | O626: =IF(VOUT_setting=1,1,SQRT(1+(A626*zterm1)^2)) | P626: =IF(VOUT_setting=1,0,ATAN(((A626*zterm1)))) | Q626: =IF(VOUT_setting=1,1,SQRT((1+Afbr-$Q$5*(A626)^2)^2+(A626*$Q$4)^2)) | R626: =IF(VOUT_setting=1,0,ATAN(A626*$Q$4/(1+Afbr-$Q$5*(A626)^2))) | S626: =SQRT((1-(A626^2/(pole3^2)))^2+(A626/(Q*pole3))^2) | T626: =ATAN((A626/(Q*pole3))/(1-A626^2/pole3^2)) | U626: =20*LOG10(((E626*K626*G626*O626)/(C626*I626*S626*M626*Q626))*Adc) | V626: =((F626+L626+H626+P626)-(D626+J626+T626+N626+R626))*radconv | W626: =IF(V626>0,V626,V626+180) | X626: p3 | AB626: =20*LOG10((K626/(I626*M626))*AEA) | AC626: =(L626-(J626+N626))*radconv | AE626: =20*LOG10((E626*G626/(C626*S626))*Acs*Am) | AF626: =(F626+H626-(D626+T626))*radconv
A627: =Fp2_u | C627: =SQRT(1+(A627/pole1)^2) | D627: =ATAN(A627/pole1) | E627: =SQRT(1+(A627/Zero1)^2) | F627: =ATAN(A627/Zero1) | G627: =IF(VIN_nom>Vout, 1, SQRT(1+(A627/z_RHP)^2)) | H627: =IF(VIN_nom>Vout, 0, -ATAN(A627/z_RHP)) | I627: =SQRT(1+(A627/Pole2)^2) | J627: =ATAN(A627/Pole2) | K627: =SQRT(1+(A627/Zero2)^2) | L627: =ATAN(A627/Zero2) | M627: =SQRT(1+(A627/pole4)^2) | N627: =ATAN(A627/pole4) | O627: =IF(VOUT_setting=1,1,SQRT(1+(A627*zterm1)^2)) | P627: =IF(VOUT_setting=1,0,ATAN(((A627*zterm1)))) | Q627: =IF(VOUT_setting=1,1,SQRT((1+Afbr-$Q$5*(A627)^2)^2+(A627*$Q$4)^2)) | R627: =IF(VOUT_setting=1,0,ATAN(A627*$Q$4/(1+Afbr-$Q$5*(A627)^2))) | S627: =SQRT((1-(A627^2/(pole3^2)))^2+(A627/(Q*pole3))^2) | T627: =ATAN((A627/(Q*pole3))/(1-A627^2/pole3^2)) | U627: =20*LOG10(((E627*K627*G627*O627)/(C627*I627*S627*M627*Q627))*Adc) | V627: =((F627+L627+H627+P627)-(D627+J627+T627+N627+R627))*radconv | W627: =IF(V627>0,V627,V627+180) | X627: p4 | AE627: =20*LOG10((E627*G627/(C627*S627))*Acs*Am) | AF627: =(F627+H627-(D627+T627))*radconv
A628: =z_RHP | C628: =SQRT(1+(A628/pole1)^2) | D628: =ATAN(A628/pole1) | E628: =SQRT(1+(A628/Zero1)^2) | F628: =ATAN(A628/Zero1) | G628: =IF(VIN_nom>Vout, 1, SQRT(1+(A628/z_RHP)^2)) | H628: =IF(VIN_nom>Vout, 0, -ATAN(A628/z_RHP)) | I628: =SQRT(1+(A628/Pole2)^2) | J628: =ATAN(A628/Pole2) | K628: =SQRT(1+(A628/Zero2)^2) | L628: =ATAN(A628/Zero2) | M628: =SQRT(1+(A628/pole4)^2) | N628: =ATAN(A628/pole4) | O628: =IF(VOUT_setting=1,1,SQRT(1+(A628*zterm1)^2)) | P628: =IF(VOUT_setting=1,0,ATAN(((A628*zterm1)))) | Q628: =IF(VOUT_setting=1,1,SQRT((1+Afbr-$Q$5*(A628)^2)^2+(A628*$Q$4)^2)) | R628: =IF(VOUT_setting=1,0,ATAN(A628*$Q$4/(1+Afbr-$Q$5*(A628)^2))) | S628: =SQRT((1-(A628^2/(pole3^2)))^2+(A628/(Q*pole3))^2) | T628: =ATAN((A628/(Q*pole3))/(1-A628^2/pole3^2)) | U628: =20*LOG10(((E628*K628*G628*O628)/(C628*I628*S628*M628*Q628))*Adc) | V628: =((F628+L628+H628+P628)-(D628+J628+T628+N628+R628))*radconv | W628: =IF(V628>0,V628,V628+180) | X628: z_RHP | AE628: =20*LOG10((E628*G628/(C628*S628))*Acs*Am) | AF628: =(F628+H628-(D628+T628))*radconv
A629: =Fp2_u | U629: -25
D631: System | E631: Plant
A632: p1 | B632: p-dom | C632: =pole1 | D632: =U622 | E632: =AE622
A633: z1 | B633: ESR zero | C633: =Zero1 | D633: =U623 | E633: =AE623
A634: p2 | B634: EA pole | C634: =Pole2 | D634: =U624 | E634: =AE624
A635: z2 | B635: EA zero | C635: =Zero2 | D635: =U625 | E635: =AE625
A636: p3 | B636: p_sampling | C636: =pole3 | D636: =U626 | E636: =AE626
A639: =U4*1000
A640: =U4*1000
AH687: phase margin | AI687: =SUM(AI689:AI1306)

Sheet Bode Plot Management
J1: Single or dual output (MODE) | N1: 3.3V or 5V fixed (FB1/2)
A2: =CHOOSE(BODE_PLOT_TYPE, "BODE_PLOT_Ch1", "BODE_PLOT_Ch2") | J2: With/without dither (DITH) | N2: With/without VOUT connected to VCCX
J3: FPWM or DEM (DEMB)
J4: Shunt or inductor DCR current sensing
F6: =INDIRECT(A2)

Sheet Efficiency Calculations
A1: BUCK CONTROLLER POWER DESIGN TOOL
H2: =AV19 | I2: 10% load
H3: =AV59 | I3: 50% load | AP3: =IF(MODE=1, (Qg_Q1+Qg_Q2)*Fsw*Vin, (Qg_Q1+Qg_Q2+Qg_Q3+Qg_Q4)*Fsw*Vin)
H4: =AV109 | I4: 100% load | AO4: I_VCC | AP4: =(Qg_Q1+Qg_Q2)*Fsw*1000 | AQ4: mA | AR4: =AP4*5/1000
A6: Enter the values of your design and MOSFET datasheet specifications below. Note that thermal resistance (θJA) will change when components are placed on the PCB
G7: Operating Point Condtions | R7: Filter Inductor | V7: Cout | Y7: Cin | AB7: High-side BUCK "Control" MOSFET Losses | AH7: Low-side BUCK "Sync" MOSFET Losses | AL7: External Diode | AM7: Diode/FET | AN7: Sense Rs | AO7: Controller IC Losses | AT7: RESULTS | AZ7: Consolidated Buck/Boost Efficiency & Losses
A8: Input Parameters | G8: Step | H8: Vin | I8: Mode | J8: Iout | K8: Iout/ phase | L8: Iin | M8: Duty Cycle BUCK Leg | N8: Ripple Current pk-pk | O8: Peak Inductor Current | P8: Valley Inductor Current | Q8: SW node voltage at Q1 turn-on | R8: Irms Lf | S8: DCR Loss | T8: Core Loss | U8: Total Inductor Loss | V8: Irms Cout | W8: Cout ESR Loss | X8: Total Cout Loss | Y8: Irms Cin | Z8: Cin ESR Loss | AA8: Total Cin Loss | AB8: Irms | AC8: RDS(on) Loss | AD8: Transition Loss (not including capacitive loss) | AE8: MOSFET Output Capacitance Loss | AF8: Dead Time Loss | AG8: Total Control MOSFET Loss | AH8: Irms | AI8: RDS(on) Loss | AJ8: Deadtime Loss | AK8: Total Sync MOSFET Loss | AL8: Deadtime Loss | AM8: Reverse Recovery Loss | AN8: Isense Shunt Loss | AO8: IQ Loss | AP8: Switching Current Loss | AQ8: Switching Current Diss | AR8: LDO Loss Saved from Gate Drive Current (ext VCC) | AS8: Total IC Loss | AT8: Total Loss | AU8: Pout | AV8: EFF, h | AW8: =IF(Vin>Vout, "Buck ''CONTROL'' MOSFET Temp Rise", "Boost ''CONTROL'' MOSFET Temp Rise") | AX8: =IF(Vin>Vout, "Buck ''SYNC'' MOSFET Temp Rise", "Boost ''SYNC'' MOSFET Temp Rise") | AZ8: h | BA8: Inductor Cu & Core Loss | BB8: Total MOSFET Loss | BC8: Control MOSFET Loss | BD8: SYNC MOSFET Loss | BE8: Shunt Loss
A9: Design | B9: Input Value | C9: Units | D9: Description | G9: 0 | H9: =Vin | I9: =MODE | J9: 0 | K9: =Iout*G9/100/Number_of_Phases | L9: =Vout*K9/(Vin*Efficiency) | M9: =(Vout+(Rdson2+Rs+Rdcr)*K9)/(Vin+(Rs+Rdson2-Rdson1)*K9) | N9: =(Vin-(Rdson1+Rdcr)*K9-Vout)*M9/(Fsw*Lf) | O9: =K9+N9/2 | P9: =K9-N9/2 | Q9: =IF(MIN(Vin, -P9/(Coss_Q1+Coss_Q2)*0.00000002)<0, 0, MIN(Vin, -P9/(Coss_Q1+Coss_Q2)*0.00000002)) | R9: =SQRT(K9^2+(N9^2)/12) | S9: =R9^2*Rdcr | T9: =Core_Loss_Ch1 | U9: =(T9+S9*(1+Ltc*(Ta-25)))/(1-S9*Ltc*ThetaCa) | V9: =N9/SQRT(12) | W9: =RCoutEsr*V9^2 | X9: =W9 | Y9: =SQRT(M9*(1-M9))*SQRT(K9^2+(N9^2)/12) | Z9: =RCinEsr*Y9^2 | AA9: =Z9 | AB9: =SQRT(M9)*SQRT(K9^2+(N9^2)/12) | AC9: =Rdson1*AB9^2 | AD9: =(Vin*K9/2)*Fsw*(Tr_buck+Tf_buck) | AE9: =(0.5*Coss_Q1*(Vin-Q9)^2-0.5*Coss_Q2*(Vin-Q9)^2+(Qoss_Q2*(Vin-Q9)/Vin)*Vin)*Fsw | AF9: =IF(K9>N9/2,0,ABS(K9-N9/2)*Vsd_Q1*Deadtime*Fsw) | AG9: =(AF9+AE9+AD9+AC9*(1+RdsonTopTc*Ta-RdsonTopTc*25))/(1-AC9*RdsonTopTc*ThetaJA_Q1) | AH9: =SQRT((1-M9))*SQRT(K9^2+(N9^2)/12) | AI9: =Rdson2*AH9^2 | AJ9: =IF(K9<N9/2,Deadtime*Fsw*IF(VfdSky_Q2>0,0,Vsd_Q2)*(K9+N9/2),2*Deadtime*Fsw*IF(VfdSky_Q2>0,0,Vsd_Q2)*K9) | AK9: =(AJ9+AI9*(1+RdsonBotTc*Ta-RdsonBotTc*25))/(1-AI9*RdsonBotTc*ThetaJA_Q2) | AL9: =2*Deadtime*Fsw*IF(VfdSky_Q2>0,VfdSky_Q2,Vsd_Q2)*K9 | AM9: =IF(QrrSky_Q2>0,QrrSky_Q2,Qrr_Q2*K9/(Iout/Number_of_Phases))*Fsw*Vin | AN9: =Rs*R9^2 | AO9: =Iq*Vin | AP9: =IF(Ext_VCC=1, (Qg_Q1+Qg_Q2)*Fsw*VCC, (Qg_Q1+Qg_Q2)*Fsw*Vin) | AQ9: =(Vin-VCC)*Fsw*(Qg_Q1+Qg_Q2)+(RdsonDRT+RdsonDRT2)*Fsw*Qg_Q1*VCC/(RdsonDRT+2*Rgate1+RdsonDRT2)+(RdsonDRB+RdsonDRB2)*Fsw*Qg_Q2*VCC/(RdsonDRB+2*Rgate2+RdsonDRB2) | AR9: =(Qg_Q1+Qg_Q2)*Fsw*(Vin-VCC) | AS9: =SUM(AO9:AP9) | AT9: =SUM(U9,X9,AA9,AG9,AK9,AL9,AM9,AS9,AN9) | AU9: =Vout*K9 | AV9: =AU9/(AU9+AT9) | AW9: =ThetaJA_Q1*BC9 | AX9: =ThetaJA_Q2*BD9 | AZ9: =AV9*100 | BA9: =U9 | BB9: =AG9+AK9+AM9 | BC9: =AG9+AM9*0.66 | BD9: =AK9+AM9*0.33 | BE9: =AN9
G10: 1 | H10: =Vin | I10: =MODE | J10: =Iout*G10/100 | K10: =Iout*G10/100/Number_of_Phases | L10: =Vout*K10/(Vin*Efficiency) | M10: =(Vout+(Rdson2+Rs+Rdcr)*K10)/(Vin+(Rs+Rdson2-Rdson1)*K10) | N10: =(Vin-(Rdson1+Rdcr)*K10-Vout)*M10/(Fsw*Lf) | O10: =K10+N10/2 | P10: =K10-N10/2 | Q10: =IF(MIN(Vin, -P10/(Coss_Q1+Coss_Q2)*0.00000002)<0, 0, MIN(Vin, -P10/(Coss_Q1+Coss_Q2)*0.00000002)) | R10: =SQRT(K10^2+(N10^2)/12) | S10: =R10^2*Rdcr | T10: =Core_Loss_Ch1 | U10: =(T10+S10*(1+Ltc*(Ta-25)))/(1-S10*Ltc*ThetaCa) | V10: =N10/SQRT(12) | W10: =RCoutEsr*V10^2 | X10: =W10 | Y10: =SQRT(M10*(1-M10))*SQRT(K10^2+(N10^2)/12) | Z10: =RCinEsr*Y10^2 | AA10: =Z10 | AB10: =SQRT(M10)*SQRT(K10^2+(N10^2)/12) | AC10: =Rdson1*AB10^2 | AD10: =(Vin*K10/2)*Fsw*(Tr_buck+Tf_buck) | AE10: =(0.5*Coss_Q1*(Vin-Q10)^2-0.5*Coss_Q2*(Vin-Q10)^2+(Qoss_Q2*(Vin-Q10)/Vin)*Vin)*Fsw | AF10: =IF(K10>N10/2,0,ABS(K10-N10/2)*Vsd_Q1*Deadtime*Fsw) | AG10: =(AF10+AE10+AD10+AC10*(1+RdsonTopTc*Ta-RdsonTopTc*25))/(1-AC10*RdsonTopTc*ThetaJA_Q1) | AH10: =SQRT((1-M10))*SQRT(K10^2+(N10^2)/12) | AI10: =Rdson2*AH10^2 | AJ10: =IF(K10<N10/2,Deadtime*Fsw*IF(VfdSky_Q2>0,0,Vsd_Q2)*(K10+N10/2),2*Deadtime*Fsw*IF(VfdSky_Q2>0,0,Vsd_Q2)*K10) | AK10: =(AJ10+AI10*(1+RdsonBotTc*Ta-RdsonBotTc*25))/(1-AI10*RdsonBotTc*ThetaJA_Q2) | AL10: =2*Deadtime*Fsw*IF(VfdSky_Q2>0,VfdSky_Q2,Vsd_Q2)*K10 | AM10: =IF(QrrSky_Q2>0,QrrSky_Q2,Qrr_Q2*K10/(Iout/Number_of_Phases))*Fsw*Vin | AN10: =Rs*R10^2 | AO10: =Iq*Vin | AP10: =IF(Ext_VCC=1, (Qg_Q1+Qg_Q2)*Fsw*VCC, (Qg_Q1+Qg_Q2)*Fsw*Vin) | AQ10: =(Vin-VCC)*Fsw*(Qg_Q1+Qg_Q2)+(RdsonDRT+RdsonDRT2)*Fsw*Qg_Q1*VCC/(RdsonDRT+2*Rgate1+RdsonDRT2)+(RdsonDRB+RdsonDRB2)*Fsw*Qg_Q2*VCC/(RdsonDRB+2*Rgate2+RdsonDRB2) | AR10: =(Qg_Q1+Qg_Q2)*Fsw*(Vin-VCC) | AS10: =SUM(AO10:AP10) | AT10: =SUM(U10,X10,AA10,AG10,AK10,AL10,AM10,AS10,AN10) | AU10: =Vout*K10 | AV10: =AU10/(AU10+AT10) | AW10: =ThetaJA_Q1*BC10 | AX10: =ThetaJA_Q2*BD10 | AZ10: =AV10*100 | BA10: =U10 | BB10: =AG10+AK10+AM10 | BC10: =AG10+AM10*0.66 | BD10: =AK10+AM10*0.33 | BE10: =AN10
A11: Vin | B11: =Vin | C11: V | D11: Vin | G11: 2 | H11: =Vin | I11: =MODE | J11: =Iout*G11/100 | K11: =Iout*G11/100/Number_of_Phases | L11: =Vout*K11/(Vin*Efficiency) | M11: =(Vout+(Rdson2+Rs+Rdcr)*K11)/(Vin+(Rs+Rdson2-Rdson1)*K11) | N11: =(Vin-(Rdson1+Rdcr)*K11-Vout)*M11/(Fsw*Lf) | O11: =K11+N11/2 | P11: =K11-N11/2 | Q11: =IF(MIN(Vin, -P11/(Coss_Q1+Coss_Q2)*0.00000002)<0, 0, MIN(Vin, -P11/(Coss_Q1+Coss_Q2)*0.00000002)) | R11: =SQRT(K11^2+(N11^2)/12) | S11: =R11^2*Rdcr | T11: =Core_Loss_Ch1 | U11: =(T11+S11*(1+Ltc*(Ta-25)))/(1-S11*Ltc*ThetaCa) | V11: =N11/SQRT(12) | W11: =RCoutEsr*V11^2 | X11: =W11 | Y11: =SQRT(M11*(1-M11))*SQRT(K11^2+(N11^2)/12) | Z11: =RCinEsr*Y11^2 | AA11: =Z11 | AB11: =SQRT(M11)*SQRT(K11^2+(N11^2)/12) | AC11: =Rdson1*AB11^2 | AD11: =(Vin*K11/2)*Fsw*(Tr_buck+Tf_buck) | AE11: =(0.5*Coss_Q1*(Vin-Q11)^2-0.5*Coss_Q2*(Vin-Q11)^2+(Qoss_Q2*(Vin-Q11)/Vin)*Vin)*Fsw | AF11: =IF(K11>N11/2,0,ABS(K11-N11/2)*Vsd_Q1*Deadtime*Fsw) | AG11: =(AF11+AE11+AD11+AC11*(1+RdsonTopTc*Ta-RdsonTopTc*25))/(1-AC11*RdsonTopTc*ThetaJA_Q1) | AH11: =SQRT((1-M11))*SQRT(K11^2+(N11^2)/12) | AI11: =Rdson2*AH11^2 | AJ11: =IF(K11<N11/2,Deadtime*Fsw*IF(VfdSky_Q2>0,0,Vsd_Q2)*(K11+N11/2),2*Deadtime*Fsw*IF(VfdSky_Q2>0,0,Vsd_Q2)*K11) | AK11: =(AJ11+AI11*(1+RdsonBotTc*Ta-RdsonBotTc*25))/(1-AI11*RdsonBotTc*ThetaJA_Q2) | AL11: =2*Deadtime*Fsw*IF(VfdSky_Q2>0,VfdSky_Q2,Vsd_Q2)*K11 | AM11: =IF(QrrSky_Q2>0,QrrSky_Q2,Qrr_Q2*K11/(Iout/Number_of_Phases))*Fsw*Vin | AN11: =Rs*R11^2 | AO11: =Iq*Vin | AP11: =IF(Ext_VCC=1, (Qg_Q1+Qg_Q2)*Fsw*VCC, (Qg_Q1+Qg_Q2)*Fsw*Vin) | AQ11: =(Vin-VCC)*Fsw*(Qg_Q1+Qg_Q2)+(RdsonDRT+RdsonDRT2)*Fsw*Qg_Q1*VCC/(RdsonDRT+2*Rgate1+RdsonDRT2)+(RdsonDRB+RdsonDRB2)*Fsw*Qg_Q2*VCC/(RdsonDRB+2*Rgate2+RdsonDRB2) | AR11: =(Qg_Q1+Qg_Q2)*Fsw*(Vin-VCC) | AS11: =SUM(AO11:AP11) | AT11: =SUM(U11,X11,AA11,AG11,AK11,AL11,AM11,AS11,AN11) | AU11: =Vout*K11 | AV11: =AU11/(AU11+AT11) | AW11: =ThetaJA_Q1*BC11 | AX11: =ThetaJA_Q2*BD11 | AZ11: =AV11*100 | BA11: =U11 | BB11: =AG11+AK11+AM11 | BC11: =AG11+AM11*0.66 | BD11: =AK11+AM11*0.33 | BE11: =AN11
A12: Vout | B12: =Vout | C12: V | D12: Vout | G12: 3 | H12: =Vin | I12: =MODE | J12: =Iout*G12/100 | K12: =Iout*G12/100/Number_of_Phases | L12: =Vout*K12/(Vin*Efficiency) | M12: =(Vout+(Rdson2+Rs+Rdcr)*K12)/(Vin+(Rs+Rdson2-Rdson1)*K12) | N12: =(Vin-(Rdson1+Rdcr)*K12-Vout)*M12/(Fsw*Lf) | O12: =K12+N12/2 | P12: =K12-N12/2 | Q12: =IF(MIN(Vin, -P12/(Coss_Q1+Coss_Q2)*0.00000002)<0, 0, MIN(Vin, -P12/(Coss_Q1+Coss_Q2)*0.00000002)) | R12: =SQRT(K12^2+(N12^2)/12) | S12: =R12^2*Rdcr | T12: =Core_Loss_Ch1 | U12: =(T12+S12*(1+Ltc*(Ta-25)))/(1-S12*Ltc*ThetaCa) | V12: =N12/SQRT(12) | W12: =RCoutEsr*V12^2 | X12: =W12 | Y12: =SQRT(M12*(1-M12))*SQRT(K12^2+(N12^2)/12) | Z12: =RCinEsr*Y12^2 | AA12: =Z12 | AB12: =SQRT(M12)*SQRT(K12^2+(N12^2)/12) | AC12: =Rdson1*AB12^2 | AD12: =(Vin*K12/2)*Fsw*(Tr_buck+Tf_buck) | AE12: =(0.5*Coss_Q1*(Vin-Q12)^2-0.5*Coss_Q2*(Vin-Q12)^2+(Qoss_Q2*(Vin-Q12)/Vin)*Vin)*Fsw | AF12: =IF(K12>N12/2,0,ABS(K12-N12/2)*Vsd_Q1*Deadtime*Fsw) | AG12: =(AF12+AE12+AD12+AC12*(1+RdsonTopTc*Ta-RdsonTopTc*25))/(1-AC12*RdsonTopTc*ThetaJA_Q1) | AH12: =SQRT((1-M12))*SQRT(K12^2+(N12^2)/12) | AI12: =Rdson2*AH12^2 | AJ12: =IF(K12<N12/2,Deadtime*Fsw*IF(VfdSky_Q2>0,0,Vsd_Q2)*(K12+N12/2),2*Deadtime*Fsw*IF(VfdSky_Q2>0,0,Vsd_Q2)*K12) | AK12: =(AJ12+AI12*(1+RdsonBotTc*Ta-RdsonBotTc*25))/(1-AI12*RdsonBotTc*ThetaJA_Q2) | AL12: =2*Deadtime*Fsw*IF(VfdSky_Q2>0,VfdSky_Q2,Vsd_Q2)*K12 | AM12: =IF(QrrSky_Q2>0,QrrSky_Q2,Qrr_Q2*K12/(Iout/Number_of_Phases))*Fsw*Vin | AN12: =Rs*R12^2 | AO12: =Iq*Vin | AP12: =IF(Ext_VCC=1, (Qg_Q1+Qg_Q2)*Fsw*VCC, (Qg_Q1+Qg_Q2)*Fsw*Vin) | AQ12: =(Vin-VCC)*Fsw*(Qg_Q1+Qg_Q2)+(RdsonDRT+RdsonDRT2)*Fsw*Qg_Q1*VCC/(RdsonDRT+2*Rgate1+RdsonDRT2)+(RdsonDRB+RdsonDRB2)*Fsw*Qg_Q2*VCC/(RdsonDRB+2*Rgate2+RdsonDRB2) | AR12: =(Qg_Q1+Qg_Q2)*Fsw*(Vin-VCC) | AS12: =SUM(AO12:AP12) | AT12: =SUM(U12,X12,AA12,AG12,AK12,AL12,AM12,AS12,AN12) | AU12: =Vout*K12 | AV12: =AU12/(AU12+AT12) | AW12: =ThetaJA_Q1*BC12 | AX12: =ThetaJA_Q2*BD12 | AZ12: =AV12*100 | BA12: =U12 | BB12: =AG12+AK12+AM12 | BC12: =AG12+AM12*0.66 | BD12: =AK12+AM12*0.33 | BE12: =AN12
A13: Fsw | B13: =Fsw/1000 | C13: kHz | D13: Switching Frequency | G13: 4 | H13: =Vin | I13: =MODE | J13: =Iout*G13/100 | K13: =Iout*G13/100/Number_of_Phases | L13: =Vout*K13/(Vin*Efficiency) | M13: =(Vout+(Rdson2+Rs+Rdcr)*K13)/(Vin+(Rs+Rdson2-Rdson1)*K13) | N13: =(Vin-(Rdson1+Rdcr)*K13-Vout)*M13/(Fsw*Lf) | O13: =K13+N13/2 | P13: =K13-N13/2 | Q13: =IF(MIN(Vin, -P13/(Coss_Q1+Coss_Q2)*0.00000002)<0, 0, MIN(Vin, -P13/(Coss_Q1+Coss_Q2)*0.00000002)) | R13: =SQRT(K13^2+(N13^2)/12) | S13: =R13^2*Rdcr | T13: =Core_Loss_Ch1 | U13: =(T13+S13*(1+Ltc*(Ta-25)))/(1-S13*Ltc*ThetaCa) | V13: =N13/SQRT(12) | W13: =RCoutEsr*V13^2 | X13: =W13 | Y13: =SQRT(M13*(1-M13))*SQRT(K13^2+(N13^2)/12) | Z13: =RCinEsr*Y13^2 | AA13: =Z13 | AB13: =SQRT(M13)*SQRT(K13^2+(N13^2)/12) | AC13: =Rdson1*AB13^2 | AD13: =(Vin*K13/2)*Fsw*(Tr_buck+Tf_buck) | AE13: =(0.5*Coss_Q1*(Vin-Q13)^2-0.5*Coss_Q2*(Vin-Q13)^2+(Qoss_Q2*(Vin-Q13)/Vin)*Vin)*Fsw | AF13: =IF(K13>N13/2,0,ABS(K13-N13/2)*Vsd_Q1*Deadtime*Fsw) | AG13: =(AF13+AE13+AD13+AC13*(1+RdsonTopTc*Ta-RdsonTopTc*25))/(1-AC13*RdsonTopTc*ThetaJA_Q1) | AH13: =SQRT((1-M13))*SQRT(K13^2+(N13^2)/12) | AI13: =Rdson2*AH13^2 | AJ13: =IF(K13<N13/2,Deadtime*Fsw*IF(VfdSky_Q2>0,0,Vsd_Q2)*(K13+N13/2),2*Deadtime*Fsw*IF(VfdSky_Q2>0,0,Vsd_Q2)*K13) | AK13: =(AJ13+AI13*(1+RdsonBotTc*Ta-RdsonBotTc*25))/(1-AI13*RdsonBotTc*ThetaJA_Q2) | AL13: =2*Deadtime*Fsw*IF(VfdSky_Q2>0,VfdSky_Q2,Vsd_Q2)*K13 | AM13: =IF(QrrSky_Q2>0,QrrSky_Q2,Qrr_Q2*K13/(Iout/Number_of_Phases))*Fsw*Vin | AN13: =Rs*R13^2 | AO13: =Iq*Vin | AP13: =IF(Ext_VCC=1, (Qg_Q1+Qg_Q2)*Fsw*VCC, (Qg_Q1+Qg_Q2)*Fsw*Vin) | AQ13: =(Vin-VCC)*Fsw*(Qg_Q1+Qg_Q2)+(RdsonDRT+RdsonDRT2)*Fsw*Qg_Q1*VCC/(RdsonDRT+2*Rgate1+RdsonDRT2)+(RdsonDRB+RdsonDRB2)*Fsw*Qg_Q2*VCC/(RdsonDRB+2*Rgate2+RdsonDRB2) | AR13: =(Qg_Q1+Qg_Q2)*Fsw*(Vin-VCC) | AS13: =SUM(AO13:AP13) | AT13: =SUM(U13,X13,AA13,AG13,AK13,AL13,AM13,AS13,AN13) | AU13: =Vout*K13 | AV13: =AU13/(AU13+AT13) | AW13: =ThetaJA_Q1*BC13 | AX13: =ThetaJA_Q2*BD13 | AZ13: =AV13*100 | BA13: =U13 | BB13: =AG13+AK13+AM13 | BC13: =AG13+AM13*0.66 | BD13: =AK13+AM13*0.33 | BE13: =AN13
A14: Iout | B14: =Iout | C14: A | D14: Max Output Current | G14: 5 | H14: =Vin | I14: =MODE | J14: =Iout*G14/100 | K14: =Iout*G14/100/Number_of_Phases | L14: =Vout*K14/(Vin*Efficiency) | M14: =(Vout+(Rdson2+Rs+Rdcr)*K14)/(Vin+(Rs+Rdson2-Rdson1)*K14) | N14: =(Vin-(Rdson1+Rdcr)*K14-Vout)*M14/(Fsw*Lf) | O14: =K14+N14/2 | P14: =K14-N14/2 | Q14: =IF(MIN(Vin, -P14/(Coss_Q1+Coss_Q2)*0.00000002)<0, 0, MIN(Vin, -P14/(Coss_Q1+Coss_Q2)*0.00000002)) | R14: =SQRT(K14^2+(N14^2)/12) | S14: =R14^2*Rdcr | T14: =Core_Loss_Ch1 | U14: =(T14+S14*(1+Ltc*(Ta-25)))/(1-S14*Ltc*ThetaCa) | V14: =N14/SQRT(12) | W14: =RCoutEsr*V14^2 | X14: =W14 | Y14: =SQRT(M14*(1-M14))*SQRT(K14^2+(N14^2)/12) | Z14: =RCinEsr*Y14^2 | AA14: =Z14 | AB14: =SQRT(M14)*SQRT(K14^2+(N14^2)/12) | AC14: =Rdson1*AB14^2 | AD14: =(Vin*K14/2)*Fsw*(Tr_buck+Tf_buck) | AE14: =(0.5*Coss_Q1*(Vin-Q14)^2-0.5*Coss_Q2*(Vin-Q14)^2+(Qoss_Q2*(Vin-Q14)/Vin)*Vin)*Fsw | AF14: =IF(K14>N14/2,0,ABS(K14-N14/2)*Vsd_Q1*Deadtime*Fsw) | AG14: =(AF14+AE14+AD14+AC14*(1+RdsonTopTc*Ta-RdsonTopTc*25))/(1-AC14*RdsonTopTc*ThetaJA_Q1) | AH14: =SQRT((1-M14))*SQRT(K14^2+(N14^2)/12) | AI14: =Rdson2*AH14^2 | AJ14: =IF(K14<N14/2,Deadtime*Fsw*IF(VfdSky_Q2>0,0,Vsd_Q2)*(K14+N14/2),2*Deadtime*Fsw*IF(VfdSky_Q2>0,0,Vsd_Q2)*K14) | AK14: =(AJ14+AI14*(1+RdsonBotTc*Ta-RdsonBotTc*25))/(1-AI14*RdsonBotTc*ThetaJA_Q2) | AL14: =2*Deadtime*Fsw*IF(VfdSky_Q2>0,VfdSky_Q2,Vsd_Q2)*K14 | AM14: =IF(QrrSky_Q2>0,QrrSky_Q2,Qrr_Q2*K14/(Iout/Number_of_Phases))*Fsw*Vin | AN14: =Rs*R14^2 | AO14: =Iq*Vin | AP14: =IF(Ext_VCC=1, (Qg_Q1+Qg_Q2)*Fsw*VCC, (Qg_Q1+Qg_Q2)*Fsw*Vin) | AQ14: =(Vin-VCC)*Fsw*(Qg_Q1+Qg_Q2)+(RdsonDRT+RdsonDRT2)*Fsw*Qg_Q1*VCC/(RdsonDRT+2*Rgate1+RdsonDRT2)+(RdsonDRB+RdsonDRB2)*Fsw*Qg_Q2*VCC/(RdsonDRB+2*Rgate2+RdsonDRB2) | AR14: =(Qg_Q1+Qg_Q2)*Fsw*(Vin-VCC) | AS14: =SUM(AO14:AP14) | AT14: =SUM(U14,X14,AA14,AG14,AK14,AL14,AM14,AS14,AN14) | AU14: =Vout*K14 | AV14: =AU14/(AU14+AT14) | AW14: =ThetaJA_Q1*BC14 | AX14: =ThetaJA_Q2*BD14 | AZ14: =AV14*100 | BA14: =U14 | BB14: =AG14+AK14+AM14 | BC14: =AG14+AM14*0.66 | BD14: =AK14+AM14*0.33 | BE14: =AN14
A15: Ta | B15: =Ta | C15: °C | D15: Ambient Temperature | G15: 6 | H15: =Vin | I15: =MODE | J15: =Iout*G15/100 | K15: =Iout*G15/100/Number_of_Phases | L15: =Vout*K15/(Vin*Efficiency) | M15: =(Vout+(Rdson2+Rs+Rdcr)*K15)/(Vin+(Rs+Rdson2-Rdson1)*K15) | N15: =(Vin-(Rdson1+Rdcr)*K15-Vout)*M15/(Fsw*Lf) | O15: =K15+N15/2 | P15: =K15-N15/2 | Q15: =IF(MIN(Vin, -P15/(Coss_Q1+Coss_Q2)*0.00000002)<0, 0, MIN(Vin, -P15/(Coss_Q1+Coss_Q2)*0.00000002)) | R15: =SQRT(K15^2+(N15^2)/12) | S15: =R15^2*Rdcr | T15: =Core_Loss_Ch1 | U15: =(T15+S15*(1+Ltc*(Ta-25)))/(1-S15*Ltc*ThetaCa) | V15: =N15/SQRT(12) | W15: =RCoutEsr*V15^2 | X15: =W15 | Y15: =SQRT(M15*(1-M15))*SQRT(K15^2+(N15^2)/12) | Z15: =RCinEsr*Y15^2 | AA15: =Z15 | AB15: =SQRT(M15)*SQRT(K15^2+(N15^2)/12) | AC15: =Rdson1*AB15^2 | AD15: =(Vin*K15/2)*Fsw*(Tr_buck+Tf_buck) | AE15: =(0.5*Coss_Q1*(Vin-Q15)^2-0.5*Coss_Q2*(Vin-Q15)^2+(Qoss_Q2*(Vin-Q15)/Vin)*Vin)*Fsw | AF15: =IF(K15>N15/2,0,ABS(K15-N15/2)*Vsd_Q1*Deadtime*Fsw) | AG15: =(AF15+AE15+AD15+AC15*(1+RdsonTopTc*Ta-RdsonTopTc*25))/(1-AC15*RdsonTopTc*ThetaJA_Q1) | AH15: =SQRT((1-M15))*SQRT(K15^2+(N15^2)/12) | AI15: =Rdson2*AH15^2 | AJ15: =IF(K15<N15/2,Deadtime*Fsw*IF(VfdSky_Q2>0,0,Vsd_Q2)*(K15+N15/2),2*Deadtime*Fsw*IF(VfdSky_Q2>0,0,Vsd_Q2)*K15) | AK15: =(AJ15+AI15*(1+RdsonBotTc*Ta-RdsonBotTc*25))/(1-AI15*RdsonBotTc*ThetaJA_Q2) | AL15: =2*Deadtime*Fsw*IF(VfdSky_Q2>0,VfdSky_Q2,Vsd_Q2)*K15 | AM15: =IF(QrrSky_Q2>0,QrrSky_Q2,Qrr_Q2*K15/(Iout/Number_of_Phases))*Fsw*Vin | AN15: =Rs*R15^2 | AO15: =Iq*Vin | AP15: =IF(Ext_VCC=1, (Qg_Q1+Qg_Q2)*Fsw*VCC, (Qg_Q1+Qg_Q2)*Fsw*Vin) | AQ15: =(Vin-VCC)*Fsw*(Qg_Q1+Qg_Q2)+(RdsonDRT+RdsonDRT2)*Fsw*Qg_Q1*VCC/(RdsonDRT+2*Rgate1+RdsonDRT2)+(RdsonDRB+RdsonDRB2)*Fsw*Qg_Q2*VCC/(RdsonDRB+2*Rgate2+RdsonDRB2) | AR15: =(Qg_Q1+Qg_Q2)*Fsw*(Vin-VCC) | AS15: =SUM(AO15:AP15) | AT15: =SUM(U15,X15,AA15,AG15,AK15,AL15,AM15,AS15,AN15) | AU15: =Vout*K15 | AV15: =AU15/(AU15+AT15) | AW15: =ThetaJA_Q1*BC15 | AX15: =ThetaJA_Q2*BD15 | AZ15: =AV15*100 | BA15: =U15 | BB15: =AG15+AK15+AM15 | BC15: =AG15+AM15*0.66 | BD15: =AK15+AM15*0.33 | BE15: =AN15
A16: Vcc | B16: =VCC | C16: V | D16: Subregulated VCC Voltage | G16: 7 | H16: =Vin | I16: =MODE | J16: =Iout*G16/100 | K16: =Iout*G16/100/Number_of_Phases | L16: =Vout*K16/(Vin*Efficiency) | M16: =(Vout+(Rdson2+Rs+Rdcr)*K16)/(Vin+(Rs+Rdson2-Rdson1)*K16) | N16: =(Vin-(Rdson1+Rdcr)*K16-Vout)*M16/(Fsw*Lf) | O16: =K16+N16/2 | P16: =K16-N16/2 | Q16: =IF(MIN(Vin, -P16/(Coss_Q1+Coss_Q2)*0.00000002)<0, 0, MIN(Vin, -P16/(Coss_Q1+Coss_Q2)*0.00000002)) | R16: =SQRT(K16^2+(N16^2)/12) | S16: =R16^2*Rdcr | T16: =Core_Loss_Ch1 | U16: =(T16+S16*(1+Ltc*(Ta-25)))/(1-S16*Ltc*ThetaCa) | V16: =N16/SQRT(12) | W16: =RCoutEsr*V16^2 | X16: =W16 | Y16: =SQRT(M16*(1-M16))*SQRT(K16^2+(N16^2)/12) | Z16: =RCinEsr*Y16^2 | AA16: =Z16 | AB16: =SQRT(M16)*SQRT(K16^2+(N16^2)/12) | AC16: =Rdson1*AB16^2 | AD16: =(Vin*K16/2)*Fsw*(Tr_buck+Tf_buck) | AE16: =(0.5*Coss_Q1*(Vin-Q16)^2-0.5*Coss_Q2*(Vin-Q16)^2+(Qoss_Q2*(Vin-Q16)/Vin)*Vin)*Fsw | AF16: =IF(K16>N16/2,0,ABS(K16-N16/2)*Vsd_Q1*Deadtime*Fsw) | AG16: =(AF16+AE16+AD16+AC16*(1+RdsonTopTc*Ta-RdsonTopTc*25))/(1-AC16*RdsonTopTc*ThetaJA_Q1) | AH16: =SQRT((1-M16))*SQRT(K16^2+(N16^2)/12) | AI16: =Rdson2*AH16^2 | AJ16: =IF(K16<N16/2,Deadtime*Fsw*IF(VfdSky_Q2>0,0,Vsd_Q2)*(K16+N16/2),2*Deadtime*Fsw*IF(VfdSky_Q2>0,0,Vsd_Q2)*K16) | AK16: =(AJ16+AI16*(1+RdsonBotTc*Ta-RdsonBotTc*25))/(1-AI16*RdsonBotTc*ThetaJA_Q2) | AL16: =2*Deadtime*Fsw*IF(VfdSky_Q2>0,VfdSky_Q2,Vsd_Q2)*K16 | AM16: =IF(QrrSky_Q2>0,QrrSky_Q2,Qrr_Q2*K16/(Iout/Number_of_Phases))*Fsw*Vin | AN16: =Rs*R16^2 | AO16: =Iq*Vin | AP16: =IF(Ext_VCC=1, (Qg_Q1+Qg_Q2)*Fsw*VCC, (Qg_Q1+Qg_Q2)*Fsw*Vin) | AQ16: =(Vin-VCC)*Fsw*(Qg_Q1+Qg_Q2)+(RdsonDRT+RdsonDRT2)*Fsw*Qg_Q1*VCC/(RdsonDRT+2*Rgate1+RdsonDRT2)+(RdsonDRB+RdsonDRB2)*Fsw*Qg_Q2*VCC/(RdsonDRB+2*Rgate2+RdsonDRB2) | AR16: =(Qg_Q1+Qg_Q2)*Fsw*(Vin-VCC) | AS16: =SUM(AO16:AP16) | AT16: =SUM(U16,X16,AA16,AG16,AK16,AL16,AM16,AS16,AN16) | AU16: =Vout*K16 | AV16: =AU16/(AU16+AT16) | AW16: =ThetaJA_Q1*BC16 | AX16: =ThetaJA_Q2*BD16 | AZ16: =AV16*100 | BA16: =U16 | BB16: =AG16+AK16+AM16 | BC16: =AG16+AM16*0.66 | BD16: =AK16+AM16*0.33 | BE16: =AN16
A17: Components | B17: Input Value | C17: Units | D17: Description | G17: 8 | H17: =Vin | I17: =MODE | J17: =Iout*G17/100 | K17: =Iout*G17/100/Number_of_Phases | L17: =Vout*K17/(Vin*Efficiency) | M17: =(Vout+(Rdson2+Rs+Rdcr)*K17)/(Vin+(Rs+Rdson2-Rdson1)*K17) | N17: =(Vin-(Rdson1+Rdcr)*K17-Vout)*M17/(Fsw*Lf) | O17: =K17+N17/2 | P17: =K17-N17/2 | Q17: =IF(MIN(Vin, -P17/(Coss_Q1+Coss_Q2)*0.00000002)<0, 0, MIN(Vin, -P17/(Coss_Q1+Coss_Q2)*0.00000002)) | R17: =SQRT(K17^2+(N17^2)/12) | S17: =R17^2*Rdcr | T17: =Core_Loss_Ch1 | U17: =(T17+S17*(1+Ltc*(Ta-25)))/(1-S17*Ltc*ThetaCa) | V17: =N17/SQRT(12) | W17: =RCoutEsr*V17^2 | X17: =W17 | Y17: =SQRT(M17*(1-M17))*SQRT(K17^2+(N17^2)/12) | Z17: =RCinEsr*Y17^2 | AA17: =Z17 | AB17: =SQRT(M17)*SQRT(K17^2+(N17^2)/12) | AC17: =Rdson1*AB17^2 | AD17: =(Vin*K17/2)*Fsw*(Tr_buck+Tf_buck) | AE17: =(0.5*Coss_Q1*(Vin-Q17)^2-0.5*Coss_Q2*(Vin-Q17)^2+(Qoss_Q2*(Vin-Q17)/Vin)*Vin)*Fsw | AF17: =IF(K17>N17/2,0,ABS(K17-N17/2)*Vsd_Q1*Deadtime*Fsw) | AG17: =(AF17+AE17+AD17+AC17*(1+RdsonTopTc*Ta-RdsonTopTc*25))/(1-AC17*RdsonTopTc*ThetaJA_Q1) | AH17: =SQRT((1-M17))*SQRT(K17^2+(N17^2)/12) | AI17: =Rdson2*AH17^2 | AJ17: =IF(K17<N17/2,Deadtime*Fsw*IF(VfdSky_Q2>0,0,Vsd_Q2)*(K17+N17/2),2*Deadtime*Fsw*IF(VfdSky_Q2>0,0,Vsd_Q2)*K17) | AK17: =(AJ17+AI17*(1+RdsonBotTc*Ta-RdsonBotTc*25))/(1-AI17*RdsonBotTc*ThetaJA_Q2) | AL17: =2*Deadtime*Fsw*IF(VfdSky_Q2>0,VfdSky_Q2,Vsd_Q2)*K17 | AM17: =IF(QrrSky_Q2>0,QrrSky_Q2,Qrr_Q2*K17/(Iout/Number_of_Phases))*Fsw*Vin | AN17: =Rs*R17^2 | AO17: =Iq*Vin | AP17: =IF(Ext_VCC=1, (Qg_Q1+Qg_Q2)*Fsw*VCC, (Qg_Q1+Qg_Q2)*Fsw*Vin) | AQ17: =(Vin-VCC)*Fsw*(Qg_Q1+Qg_Q2)+(RdsonDRT+RdsonDRT2)*Fsw*Qg_Q1*VCC/(RdsonDRT+2*Rgate1+RdsonDRT2)+(RdsonDRB+RdsonDRB2)*Fsw*Qg_Q2*VCC/(RdsonDRB+2*Rgate2+RdsonDRB2) | AR17: =(Qg_Q1+Qg_Q2)*Fsw*(Vin-VCC) | AS17: =SUM(AO17:AP17) | AT17: =SUM(U17,X17,AA17,AG17,AK17,AL17,AM17,AS17,AN17) | AU17: =Vout*K17 | AV17: =AU17/(AU17+AT17) | AW17: =ThetaJA_Q1*BC17 | AX17: =ThetaJA_Q2*BD17 | AZ17: =AV17*100 | BA17: =U17 | BB17: =AG17+AK17+AM17 | BC17: =AG17+AM17*0.66 | BD17: =AK17+AM17*0.33 | BE17: =AN17
A18: L | B18: =Lf*1000000 | C18: uH | D18: Filter Inductance | G18: 9 | H18: =Vin | I18: =MODE | J18: =Iout*G18/100 | K18: =Iout*G18/100/Number_of_Phases | L18: =Vout*K18/(Vin*Efficiency) | M18: =(Vout+(Rdson2+Rs+Rdcr)*K18)/(Vin+(Rs+Rdson2-Rdson1)*K18) | N18: =(Vin-(Rdson1+Rdcr)*K18-Vout)*M18/(Fsw*Lf) | O18: =K18+N18/2 | P18: =K18-N18/2 | Q18: =IF(MIN(Vin, -P18/(Coss_Q1+Coss_Q2)*0.00000002)<0, 0, MIN(Vin, -P18/(Coss_Q1+Coss_Q2)*0.00000002)) | R18: =SQRT(K18^2+(N18^2)/12) | S18: =R18^2*Rdcr | T18: =Core_Loss_Ch1 | U18: =(T18+S18*(1+Ltc*(Ta-25)))/(1-S18*Ltc*ThetaCa) | V18: =N18/SQRT(12) | W18: =RCoutEsr*V18^2 | X18: =W18 | Y18: =SQRT(M18*(1-M18))*SQRT(K18^2+(N18^2)/12) | Z18: =RCinEsr*Y18^2 | AA18: =Z18 | AB18: =SQRT(M18)*SQRT(K18^2+(N18^2)/12) | AC18: =Rdson1*AB18^2 | AD18: =(Vin*K18/2)*Fsw*(Tr_buck+Tf_buck) | AE18: =(0.5*Coss_Q1*(Vin-Q18)^2-0.5*Coss_Q2*(Vin-Q18)^2+(Qoss_Q2*(Vin-Q18)/Vin)*Vin)*Fsw | AF18: =IF(K18>N18/2,0,ABS(K18-N18/2)*Vsd_Q1*Deadtime*Fsw) | AG18: =(AF18+AE18+AD18+AC18*(1+RdsonTopTc*Ta-RdsonTopTc*25))/(1-AC18*RdsonTopTc*ThetaJA_Q1) | AH18: =SQRT((1-M18))*SQRT(K18^2+(N18^2)/12) | AI18: =Rdson2*AH18^2 | AJ18: =IF(K18<N18/2,Deadtime*Fsw*IF(VfdSky_Q2>0,0,Vsd_Q2)*(K18+N18/2),2*Deadtime*Fsw*IF(VfdSky_Q2>0,0,Vsd_Q2)*K18) | AK18: =(AJ18+AI18*(1+RdsonBotTc*Ta-RdsonBotTc*25))/(1-AI18*RdsonBotTc*ThetaJA_Q2) | AL18: =2*Deadtime*Fsw*IF(VfdSky_Q2>0,VfdSky_Q2,Vsd_Q2)*K18 | AM18: =IF(QrrSky_Q2>0,QrrSky_Q2,Qrr_Q2*K18/(Iout/Number_of_Phases))*Fsw*Vin | AN18: =Rs*R18^2 | AO18: =Iq*Vin | AP18: =IF(Ext_VCC=1, (Qg_Q1+Qg_Q2)*Fsw*VCC, (Qg_Q1+Qg_Q2)*Fsw*Vin) | AQ18: =(Vin-VCC)*Fsw*(Qg_Q1+Qg_Q2)+(RdsonDRT+RdsonDRT2)*Fsw*Qg_Q1*VCC/(RdsonDRT+2*Rgate1+RdsonDRT2)+(RdsonDRB+RdsonDRB2)*Fsw*Qg_Q2*VCC/(RdsonDRB+2*Rgate2+RdsonDRB2) | AR18: =(Qg_Q1+Qg_Q2)*Fsw*(Vin-VCC) | AS18: =SUM(AO18:AP18) | AT18: =SUM(U18,X18,AA18,AG18,AK18,AL18,AM18,AS18,AN18) | AU18: =Vout*K18 | AV18: =AU18/(AU18+AT18) | AW18: =ThetaJA_Q1*BC18 | AX18: =ThetaJA_Q2*BD18 | AZ18: =AV18*100 | BA18: =U18 | BB18: =AG18+AK18+AM18 | BC18: =AG18+AM18*0.66 | BD18: =AK18+AM18*0.33 | BE18: =AN18
A19: Rdcr | B19: =Rdcr*1000 | C19: mW | D19: Inductor DCR at 25°C | G19: 10 | H19: =Vin | I19: =MODE | J19: =Iout*G19/100 | K19: =Iout*G19/100/Number_of_Phases | L19: =Vout*K19/(Vin*Efficiency) | M19: =(Vout+(Rdson2+Rs+Rdcr)*K19)/(Vin+(Rs+Rdson2-Rdson1)*K19) | N19: =(Vin-(Rdson1+Rdcr)*K19-Vout)*M19/(Fsw*Lf) | O19: =K19+N19/2 | P19: =K19-N19/2 | Q19: =IF(MIN(Vin, -P19/(Coss_Q1+Coss_Q2)*0.00000002)<0, 0, MIN(Vin, -P19/(Coss_Q1+Coss_Q2)*0.00000002)) | R19: =SQRT(K19^2+(N19^2)/12) | S19: =R19^2*Rdcr | T19: =Core_Loss_Ch1 | U19: =(T19+S19*(1+Ltc*(Ta-25)))/(1-S19*Ltc*ThetaCa) | V19: =N19/SQRT(12) | W19: =RCoutEsr*V19^2 | X19: =W19 | Y19: =SQRT(M19*(1-M19))*SQRT(K19^2+(N19^2)/12) | Z19: =RCinEsr*Y19^2 | AA19: =Z19 | AB19: =SQRT(M19)*SQRT(K19^2+(N19^2)/12) | AC19: =Rdson1*AB19^2 | AD19: =(Vin*K19/2)*Fsw*(Tr_buck+Tf_buck) | AE19: =(0.5*Coss_Q1*(Vin-Q19)^2-0.5*Coss_Q2*(Vin-Q19)^2+(Qoss_Q2*(Vin-Q19)/Vin)*Vin)*Fsw | AF19: =IF(K19>N19/2,0,ABS(K19-N19/2)*Vsd_Q1*Deadtime*Fsw) | AG19: =(AF19+AE19+AD19+AC19*(1+RdsonTopTc*Ta-RdsonTopTc*25))/(1-AC19*RdsonTopTc*ThetaJA_Q1) | AH19: =SQRT((1-M19))*SQRT(K19^2+(N19^2)/12) | AI19: =Rdson2*AH19^2 | AJ19: =IF(K19<N19/2,Deadtime*Fsw*IF(VfdSky_Q2>0,0,Vsd_Q2)*(K19+N19/2),2*Deadtime*Fsw*IF(VfdSky_Q2>0,0,Vsd_Q2)*K19) | AK19: =(AJ19+AI19*(1+RdsonBotTc*Ta-RdsonBotTc*25))/(1-AI19*RdsonBotTc*ThetaJA_Q2) | AL19: =2*Deadtime*Fsw*IF(VfdSky_Q2>0,VfdSky_Q2,Vsd_Q2)*K19 | AM19: =IF(QrrSky_Q2>0,QrrSky_Q2,Qrr_Q2*K19/(Iout/Number_of_Phases))*Fsw*Vin | AN19: =Rs*R19^2 | AO19: =Iq*Vin | AP19: =IF(Ext_VCC=1, (Qg_Q1+Qg_Q2)*Fsw*VCC, (Qg_Q1+Qg_Q2)*Fsw*Vin) | AQ19: =(Vin-VCC)*Fsw*(Qg_Q1+Qg_Q2)+(RdsonDRT+RdsonDRT2)*Fsw*Qg_Q1*VCC/(RdsonDRT+2*Rgate1+RdsonDRT2)+(RdsonDRB+RdsonDRB2)*Fsw*Qg_Q2*VCC/(RdsonDRB+2*Rgate2+RdsonDRB2) | AR19: =(Qg_Q1+Qg_Q2)*Fsw*(Vin-VCC) | AS19: =SUM(AO19:AP19) | AT19: =SUM(U19,X19,AA19,AG19,AK19,AL19,AM19,AS19,AN19) | AU19: =Vout*K19 | AV19: =AU19/(AU19+AT19) | AW19: =ThetaJA_Q1*BC19 | AX19: =ThetaJA_Q2*BD19 | AZ19: =AV19*100 | BA19: =U19 | BB19: =AG19+AK19+AM19 | BC19: =AG19+AM19*0.66 | BD19: =AK19+AM19*0.33 | BE19: =AN19
A20: LTc | B20: =Ltc*1000000 | C20: ppm | D20: Inductor Series Resistance Temp Co | G20: 11 | H20: =Vin | I20: =MODE | J20: =Iout*G20/100 | K20: =Iout*G20/100/Number_of_Phases | L20: =Vout*K20/(Vin*Efficiency) | M20: =(Vout+(Rdson2+Rs+Rdcr)*K20)/(Vin+(Rs+Rdson2-Rdson1)*K20) | N20: =(Vin-(Rdson1+Rdcr)*K20-Vout)*M20/(Fsw*Lf) | O20: =K20+N20/2 | P20: =K20-N20/2 | Q20: =IF(MIN(Vin, -P20/(Coss_Q1+Coss_Q2)*0.00000002)<0, 0, MIN(Vin, -P20/(Coss_Q1+Coss_Q2)*0.00000002)) | R20: =SQRT(K20^2+(N20^2)/12) | S20: =R20^2*Rdcr | T20: =Core_Loss_Ch1 | U20: =(T20+S20*(1+Ltc*(Ta-25)))/(1-S20*Ltc*ThetaCa) | V20: =N20/SQRT(12) | W20: =RCoutEsr*V20^2 | X20: =W20 | Y20: =SQRT(M20*(1-M20))*SQRT(K20^2+(N20^2)/12) | Z20: =RCinEsr*Y20^2 | AA20: =Z20 | AB20: =SQRT(M20)*SQRT(K20^2+(N20^2)/12) | AC20: =Rdson1*AB20^2 | AD20: =(Vin*K20/2)*Fsw*(Tr_buck+Tf_buck) | AE20: =(0.5*Coss_Q1*(Vin-Q20)^2-0.5*Coss_Q2*(Vin-Q20)^2+(Qoss_Q2*(Vin-Q20)/Vin)*Vin)*Fsw | AF20: =IF(K20>N20/2,0,ABS(K20-N20/2)*Vsd_Q1*Deadtime*Fsw) | AG20: =(AF20+AE20+AD20+AC20*(1+RdsonTopTc*Ta-RdsonTopTc*25))/(1-AC20*RdsonTopTc*ThetaJA_Q1) | AH20: =SQRT((1-M20))*SQRT(K20^2+(N20^2)/12) | AI20: =Rdson2*AH20^2 | AJ20: =IF(K20<N20/2,Deadtime*Fsw*IF(VfdSky_Q2>0,0,Vsd_Q2)*(K20+N20/2),2*Deadtime*Fsw*IF(VfdSky_Q2>0,0,Vsd_Q2)*K20) | AK20: =(AJ20+AI20*(1+RdsonBotTc*Ta-RdsonBotTc*25))/(1-AI20*RdsonBotTc*ThetaJA_Q2) | AL20: =2*Deadtime*Fsw*IF(VfdSky_Q2>0,VfdSky_Q2,Vsd_Q2)*K20 | AM20: =IF(QrrSky_Q2>0,QrrSky_Q2,Qrr_Q2*K20/(Iout/Number_of_Phases))*Fsw*Vin | AN20: =Rs*R20^2 | AO20: =Iq*Vin | AP20: =IF(Ext_VCC=1, (Qg_Q1+Qg_Q2)*Fsw*VCC, (Qg_Q1+Qg_Q2)*Fsw*Vin) | AQ20: =(Vin-VCC)*Fsw*(Qg_Q1+Qg_Q2)+(RdsonDRT+RdsonDRT2)*Fsw*Qg_Q1*VCC/(RdsonDRT+2*Rgate1+RdsonDRT2)+(RdsonDRB+RdsonDRB2)*Fsw*Qg_Q2*VCC/(RdsonDRB+2*Rgate2+RdsonDRB2) | AR20: =(Qg_Q1+Qg_Q2)*Fsw*(Vin-VCC) | AS20: =SUM(AO20:AP20) | AT20: =SUM(U20,X20,AA20,AG20,AK20,AL20,AM20,AS20,AN20) | AU20: =Vout*K20 | AV20: =AU20/(AU20+AT20) | AW20: =ThetaJA_Q1*BC20 | AX20: =ThetaJA_Q2*BD20 | AZ20: =AV20*100 | BA20: =U20 | BB20: =AG20+AK20+AM20 | BC20: =AG20+AM20*0.66 | BD20: =AK20+AM20*0.33 | BE20: =AN20
A21: ThetaCa | B21: =ThetaCa | C21: °C/W | D21: Core to Ambient Thermal Resistance | G21: 12 | H21: =Vin | I21: =MODE | J21: =Iout*G21/100 | K21: =Iout*G21/100/Number_of_Phases | L21: =Vout*K21/(Vin*Efficiency) | M21: =(Vout+(Rdson2+Rs+Rdcr)*K21)/(Vin+(Rs+Rdson2-Rdson1)*K21) | N21: =(Vin-(Rdson1+Rdcr)*K21-Vout)*M21/(Fsw*Lf) | O21: =K21+N21/2 | P21: =K21-N21/2 | Q21: =IF(MIN(Vin, -P21/(Coss_Q1+Coss_Q2)*0.00000002)<0, 0, MIN(Vin, -P21/(Coss_Q1+Coss_Q2)*0.00000002)) | R21: =SQRT(K21^2+(N21^2)/12) | S21: =R21^2*Rdcr | T21: =Core_Loss_Ch1 | U21: =(T21+S21*(1+Ltc*(Ta-25)))/(1-S21*Ltc*ThetaCa) | V21: =N21/SQRT(12) | W21: =RCoutEsr*V21^2 | X21: =W21 | Y21: =SQRT(M21*(1-M21))*SQRT(K21^2+(N21^2)/12) | Z21: =RCinEsr*Y21^2 | AA21: =Z21 | AB21: =SQRT(M21)*SQRT(K21^2+(N21^2)/12) | AC21: =Rdson1*AB21^2 | AD21: =(Vin*K21/2)*Fsw*(Tr_buck+Tf_buck) | AE21: =(0.5*Coss_Q1*(Vin-Q21)^2-0.5*Coss_Q2*(Vin-Q21)^2+(Qoss_Q2*(Vin-Q21)/Vin)*Vin)*Fsw | AF21: =IF(K21>N21/2,0,ABS(K21-N21/2)*Vsd_Q1*Deadtime*Fsw) | AG21: =(AF21+AE21+AD21+AC21*(1+RdsonTopTc*Ta-RdsonTopTc*25))/(1-AC21*RdsonTopTc*ThetaJA_Q1) | AH21: =SQRT((1-M21))*SQRT(K21^2+(N21^2)/12) | AI21: =Rdson2*AH21^2 | AJ21: =IF(K21<N21/2,Deadtime*Fsw*IF(VfdSky_Q2>0,0,Vsd_Q2)*(K21+N21/2),2*Deadtime*Fsw*IF(VfdSky_Q2>0,0,Vsd_Q2)*K21) | AK21: =(AJ21+AI21*(1+RdsonBotTc*Ta-RdsonBotTc*25))/(1-AI21*RdsonBotTc*ThetaJA_Q2) | AL21: =2*Deadtime*Fsw*IF(VfdSky_Q2>0,VfdSky_Q2,Vsd_Q2)*K21 | AM21: =IF(QrrSky_Q2>0,QrrSky_Q2,Qrr_Q2*K21/(Iout/Number_of_Phases))*Fsw*Vin | AN21: =Rs*R21^2 | AO21: =Iq*Vin | AP21: =IF(Ext_VCC=1, (Qg_Q1+Qg_Q2)*Fsw*VCC, (Qg_Q1+Qg_Q2)*Fsw*Vin) | AQ21: =(Vin-VCC)*Fsw*(Qg_Q1+Qg_Q2)+(RdsonDRT+RdsonDRT2)*Fsw*Qg_Q1*VCC/(RdsonDRT+2*Rgate1+RdsonDRT2)+(RdsonDRB+RdsonDRB2)*Fsw*Qg_Q2*VCC/(RdsonDRB+2*Rgate2+RdsonDRB2) | AR21: =(Qg_Q1+Qg_Q2)*Fsw*(Vin-VCC) | AS21: =SUM(AO21:AP21) | AT21: =SUM(U21,X21,AA21,AG21,AK21,AL21,AM21,AS21,AN21) | AU21: =Vout*K21 | AV21: =AU21/(AU21+AT21) | AW21: =ThetaJA_Q1*BC21 | AX21: =ThetaJA_Q2*BD21 | AZ21: =AV21*100 | BA21: =U21 | BB21: =AG21+AK21+AM21 | BC21: =AG21+AM21*0.66 | BD21: =AK21+AM21*0.33 | BE21: =AN21
A22: Cin | B22: =Cin*1000000 | C22: μF | D22: Input Capacitance | G22: 13 | H22: =Vin | I22: =MODE | J22: =Iout*G22/100 | K22: =Iout*G22/100/Number_of_Phases | L22: =Vout*K22/(Vin*Efficiency) | M22: =(Vout+(Rdson2+Rs+Rdcr)*K22)/(Vin+(Rs+Rdson2-Rdson1)*K22) | N22: =(Vin-(Rdson1+Rdcr)*K22-Vout)*M22/(Fsw*Lf) | O22: =K22+N22/2 | P22: =K22-N22/2 | Q22: =IF(MIN(Vin, -P22/(Coss_Q1+Coss_Q2)*0.00000002)<0, 0, MIN(Vin, -P22/(Coss_Q1+Coss_Q2)*0.00000002)) | R22: =SQRT(K22^2+(N22^2)/12) | S22: =R22^2*Rdcr | T22: =Core_Loss_Ch1 | U22: =(T22+S22*(1+Ltc*(Ta-25)))/(1-S22*Ltc*ThetaCa) | V22: =N22/SQRT(12) | W22: =RCoutEsr*V22^2 | X22: =W22 | Y22: =SQRT(M22*(1-M22))*SQRT(K22^2+(N22^2)/12) | Z22: =RCinEsr*Y22^2 | AA22: =Z22 | AB22: =SQRT(M22)*SQRT(K22^2+(N22^2)/12) | AC22: =Rdson1*AB22^2 | AD22: =(Vin*K22/2)*Fsw*(Tr_buck+Tf_buck) | AE22: =(0.5*Coss_Q1*(Vin-Q22)^2-0.5*Coss_Q2*(Vin-Q22)^2+(Qoss_Q2*(Vin-Q22)/Vin)*Vin)*Fsw | AF22: =IF(K22>N22/2,0,ABS(K22-N22/2)*Vsd_Q1*Deadtime*Fsw) | AG22: =(AF22+AE22+AD22+AC22*(1+RdsonTopTc*Ta-RdsonTopTc*25))/(1-AC22*RdsonTopTc*ThetaJA_Q1) | AH22: =SQRT((1-M22))*SQRT(K22^2+(N22^2)/12) | AI22: =Rdson2*AH22^2 | AJ22: =IF(K22<N22/2,Deadtime*Fsw*IF(VfdSky_Q2>0,0,Vsd_Q2)*(K22+N22/2),2*Deadtime*Fsw*IF(VfdSky_Q2>0,0,Vsd_Q2)*K22) | AK22: =(AJ22+AI22*(1+RdsonBotTc*Ta-RdsonBotTc*25))/(1-AI22*RdsonBotTc*ThetaJA_Q2) | AL22: =2*Deadtime*Fsw*IF(VfdSky_Q2>0,VfdSky_Q2,Vsd_Q2)*K22 | AM22: =IF(QrrSky_Q2>0,QrrSky_Q2,Qrr_Q2*K22/(Iout/Number_of_Phases))*Fsw*Vin | AN22: =Rs*R22^2 | AO22: =Iq*Vin | AP22: =IF(Ext_VCC=1, (Qg_Q1+Qg_Q2)*Fsw*VCC, (Qg_Q1+Qg_Q2)*Fsw*Vin) | AQ22: =(Vin-VCC)*Fsw*(Qg_Q1+Qg_Q2)+(RdsonDRT+RdsonDRT2)*Fsw*Qg_Q1*VCC/(RdsonDRT+2*Rgate1+RdsonDRT2)+(RdsonDRB+RdsonDRB2)*Fsw*Qg_Q2*VCC/(RdsonDRB+2*Rgate2+RdsonDRB2) | AR22: =(Qg_Q1+Qg_Q2)*Fsw*(Vin-VCC) | AS22: =SUM(AO22:AP22) | AT22: =SUM(U22,X22,AA22,AG22,AK22,AL22,AM22,AS22,AN22) | AU22: =Vout*K22 | AV22: =AU22/(AU22+AT22) | AW22: =ThetaJA_Q1*BC22 | AX22: =ThetaJA_Q2*BD22 | AZ22: =AV22*100 | BA22: =U22 | BB22: =AG22+AK22+AM22 | BC22: =AG22+AM22*0.66 | BD22: =AK22+AM22*0.33 | BE22: =AN22
A23: RCinEsr | B23: =RCinEsr*1000 | C23: mW | D23: Input Capacitor ESR | G23: 14 | H23: =Vin | I23: =MODE | J23: =Iout*G23/100 | K23: =Iout*G23/100/Number_of_Phases | L23: =Vout*K23/(Vin*Efficiency) | M23: =(Vout+(Rdson2+Rs+Rdcr)*K23)/(Vin+(Rs+Rdson2-Rdson1)*K23) | N23: =(Vin-(Rdson1+Rdcr)*K23-Vout)*M23/(Fsw*Lf) | O23: =K23+N23/2 | P23: =K23-N23/2 | Q23: =IF(MIN(Vin, -P23/(Coss_Q1+Coss_Q2)*0.00000002)<0, 0, MIN(Vin, -P23/(Coss_Q1+Coss_Q2)*0.00000002)) | R23: =SQRT(K23^2+(N23^2)/12) | S23: =R23^2*Rdcr | T23: =Core_Loss_Ch1 | U23: =(T23+S23*(1+Ltc*(Ta-25)))/(1-S23*Ltc*ThetaCa) | V23: =N23/SQRT(12) | W23: =RCoutEsr*V23^2 | X23: =W23 | Y23: =SQRT(M23*(1-M23))*SQRT(K23^2+(N23^2)/12) | Z23: =RCinEsr*Y23^2 | AA23: =Z23 | AB23: =SQRT(M23)*SQRT(K23^2+(N23^2)/12) | AC23: =Rdson1*AB23^2 | AD23: =(Vin*K23/2)*Fsw*(Tr_buck+Tf_buck) | AE23: =(0.5*Coss_Q1*(Vin-Q23)^2-0.5*Coss_Q2*(Vin-Q23)^2+(Qoss_Q2*(Vin-Q23)/Vin)*Vin)*Fsw | AF23: =IF(K23>N23/2,0,ABS(K23-N23/2)*Vsd_Q1*Deadtime*Fsw) | AG23: =(AF23+AE23+AD23+AC23*(1+RdsonTopTc*Ta-RdsonTopTc*25))/(1-AC23*RdsonTopTc*ThetaJA_Q1) | AH23: =SQRT((1-M23))*SQRT(K23^2+(N23^2)/12) | AI23: =Rdson2*AH23^2 | AJ23: =IF(K23<N23/2,Deadtime*Fsw*IF(VfdSky_Q2>0,0,Vsd_Q2)*(K23+N23/2),2*Deadtime*Fsw*IF(VfdSky_Q2>0,0,Vsd_Q2)*K23) | AK23: =(AJ23+AI23*(1+RdsonBotTc*Ta-RdsonBotTc*25))/(1-AI23*RdsonBotTc*ThetaJA_Q2) | AL23: =2*Deadtime*Fsw*IF(VfdSky_Q2>0,VfdSky_Q2,Vsd_Q2)*K23 | AM23: =IF(QrrSky_Q2>0,QrrSky_Q2,Qrr_Q2*K23/(Iout/Number_of_Phases))*Fsw*Vin | AN23: =Rs*R23^2 | AO23: =Iq*Vin | AP23: =IF(Ext_VCC=1, (Qg_Q1+Qg_Q2)*Fsw*VCC, (Qg_Q1+Qg_Q2)*Fsw*Vin) | AQ23: =(Vin-VCC)*Fsw*(Qg_Q1+Qg_Q2)+(RdsonDRT+RdsonDRT2)*Fsw*Qg_Q1*VCC/(RdsonDRT+2*Rgate1+RdsonDRT2)+(RdsonDRB+RdsonDRB2)*Fsw*Qg_Q2*VCC/(RdsonDRB+2*Rgate2+RdsonDRB2) | AR23: =(Qg_Q1+Qg_Q2)*Fsw*(Vin-VCC) | AS23: =SUM(AO23:AP23) | AT23: =SUM(U23,X23,AA23,AG23,AK23,AL23,AM23,AS23,AN23) | AU23: =Vout*K23 | AV23: =AU23/(AU23+AT23) | AW23: =ThetaJA_Q1*BC23 | AX23: =ThetaJA_Q2*BD23 | AZ23: =AV23*100 | BA23: =U23 | BB23: =AG23+AK23+AM23 | BC23: =AG23+AM23*0.66 | BD23: =AK23+AM23*0.33 | BE23: =AN23
A24: Cout | B24: =Cout*1000000 | C24: μF | D24: Output Capcitance | G24: 15 | H24: =Vin | I24: =MODE | J24: =Iout*G24/100 | K24: =Iout*G24/100/Number_of_Phases | L24: =Vout*K24/(Vin*Efficiency) | M24: =(Vout+(Rdson2+Rs+Rdcr)*K24)/(Vin+(Rs+Rdson2-Rdson1)*K24) | N24: =(Vin-(Rdson1+Rdcr)*K24-Vout)*M24/(Fsw*Lf) | O24: =K24+N24/2 | P24: =K24-N24/2 | Q24: =IF(MIN(Vin, -P24/(Coss_Q1+Coss_Q2)*0.00000002)<0, 0, MIN(Vin, -P24/(Coss_Q1+Coss_Q2)*0.00000002)) | R24: =SQRT(K24^2+(N24^2)/12) | S24: =R24^2*Rdcr | T24: =Core_Loss_Ch1 | U24: =(T24+S24*(1+Ltc*(Ta-25)))/(1-S24*Ltc*ThetaCa) | V24: =N24/SQRT(12) | W24: =RCoutEsr*V24^2 | X24: =W24 | Y24: =SQRT(M24*(1-M24))*SQRT(K24^2+(N24^2)/12) | Z24: =RCinEsr*Y24^2 | AA24: =Z24 | AB24: =SQRT(M24)*SQRT(K24^2+(N24^2)/12) | AC24: =Rdson1*AB24^2 | AD24: =(Vin*K24/2)*Fsw*(Tr_buck+Tf_buck) | AE24: =(0.5*Coss_Q1*(Vin-Q24)^2-0.5*Coss_Q2*(Vin-Q24)^2+(Qoss_Q2*(Vin-Q24)/Vin)*Vin)*Fsw | AF24: =IF(K24>N24/2,0,ABS(K24-N24/2)*Vsd_Q1*Deadtime*Fsw) | AG24: =(AF24+AE24+AD24+AC24*(1+RdsonTopTc*Ta-RdsonTopTc*25))/(1-AC24*RdsonTopTc*ThetaJA_Q1) | AH24: =SQRT((1-M24))*SQRT(K24^2+(N24^2)/12) | AI24: =Rdson2*AH24^2 | AJ24: =IF(K24<N24/2,Deadtime*Fsw*IF(VfdSky_Q2>0,0,Vsd_Q2)*(K24+N24/2),2*Deadtime*Fsw*IF(VfdSky_Q2>0,0,Vsd_Q2)*K24) | AK24: =(AJ24+AI24*(1+RdsonBotTc*Ta-RdsonBotTc*25))/(1-AI24*RdsonBotTc*ThetaJA_Q2) | AL24: =2*Deadtime*Fsw*IF(VfdSky_Q2>0,VfdSky_Q2,Vsd_Q2)*K24 | AM24: =IF(QrrSky_Q2>0,QrrSky_Q2,Qrr_Q2*K24/(Iout/Number_of_Phases))*Fsw*Vin | AN24: =Rs*R24^2 | AO24: =Iq*Vin | AP24: =IF(Ext_VCC=1, (Qg_Q1+Qg_Q2)*Fsw*VCC, (Qg_Q1+Qg_Q2)*Fsw*Vin) | AQ24: =(Vin-VCC)*Fsw*(Qg_Q1+Qg_Q2)+(RdsonDRT+RdsonDRT2)*Fsw*Qg_Q1*VCC/(RdsonDRT+2*Rgate1+RdsonDRT2)+(RdsonDRB+RdsonDRB2)*Fsw*Qg_Q2*VCC/(RdsonDRB+2*Rgate2+RdsonDRB2) | AR24: =(Qg_Q1+Qg_Q2)*Fsw*(Vin-VCC) | AS24: =SUM(AO24:AP24) | AT24: =SUM(U24,X24,AA24,AG24,AK24,AL24,AM24,AS24,AN24) | AU24: =Vout*K24 | AV24: =AU24/(AU24+AT24) | AW24: =ThetaJA_Q1*BC24 | AX24: =ThetaJA_Q2*BD24 | AZ24: =AV24*100 | BA24: =U24 | BB24: =AG24+AK24+AM24 | BC24: =AG24+AM24*0.66 | BD24: =AK24+AM24*0.33 | BE24: =AN24
A25: RCoutEsr | B25: =Cout_ESR*1000 | C25: mW | D25: Output Capacitor ESR | G25: 16 | H25: =Vin | I25: =MODE | J25: =Iout*G25/100 | K25: =Iout*G25/100/Number_of_Phases | L25: =Vout*K25/(Vin*Efficiency) | M25: =(Vout+(Rdson2+Rs+Rdcr)*K25)/(Vin+(Rs+Rdson2-Rdson1)*K25) | N25: =(Vin-(Rdson1+Rdcr)*K25-Vout)*M25/(Fsw*Lf) | O25: =K25+N25/2 | P25: =K25-N25/2 | Q25: =IF(MIN(Vin, -P25/(Coss_Q1+Coss_Q2)*0.00000002)<0, 0, MIN(Vin, -P25/(Coss_Q1+Coss_Q2)*0.00000002)) | R25: =SQRT(K25^2+(N25^2)/12) | S25: =R25^2*Rdcr | T25: =Core_Loss_Ch1 | U25: =(T25+S25*(1+Ltc*(Ta-25)))/(1-S25*Ltc*ThetaCa) | V25: =N25/SQRT(12) | W25: =RCoutEsr*V25^2 | X25: =W25 | Y25: =SQRT(M25*(1-M25))*SQRT(K25^2+(N25^2)/12) | Z25: =RCinEsr*Y25^2 | AA25: =Z25 | AB25: =SQRT(M25)*SQRT(K25^2+(N25^2)/12) | AC25: =Rdson1*AB25^2 | AD25: =(Vin*K25/2)*Fsw*(Tr_buck+Tf_buck) | AE25: =(0.5*Coss_Q1*(Vin-Q25)^2-0.5*Coss_Q2*(Vin-Q25)^2+(Qoss_Q2*(Vin-Q25)/Vin)*Vin)*Fsw | AF25: =IF(K25>N25/2,0,ABS(K25-N25/2)*Vsd_Q1*Deadtime*Fsw) | AG25: =(AF25+AE25+AD25+AC25*(1+RdsonTopTc*Ta-RdsonTopTc*25))/(1-AC25*RdsonTopTc*ThetaJA_Q1) | AH25: =SQRT((1-M25))*SQRT(K25^2+(N25^2)/12) | AI25: =Rdson2*AH25^2 | AJ25: =IF(K25<N25/2,Deadtime*Fsw*IF(VfdSky_Q2>0,0,Vsd_Q2)*(K25+N25/2),2*Deadtime*Fsw*IF(VfdSky_Q2>0,0,Vsd_Q2)*K25) | AK25: =(AJ25+AI25*(1+RdsonBotTc*Ta-RdsonBotTc*25))/(1-AI25*RdsonBotTc*ThetaJA_Q2) | AL25: =2*Deadtime*Fsw*IF(VfdSky_Q2>0,VfdSky_Q2,Vsd_Q2)*K25 | AM25: =IF(QrrSky_Q2>0,QrrSky_Q2,Qrr_Q2*K25/(Iout/Number_of_Phases))*Fsw*Vin | AN25: =Rs*R25^2 | AO25: =Iq*Vin | AP25: =IF(Ext_VCC=1, (Qg_Q1+Qg_Q2)*Fsw*VCC, (Qg_Q1+Qg_Q2)*Fsw*Vin) | AQ25: =(Vin-VCC)*Fsw*(Qg_Q1+Qg_Q2)+(RdsonDRT+RdsonDRT2)*Fsw*Qg_Q1*VCC/(RdsonDRT+2*Rgate1+RdsonDRT2)+(RdsonDRB+RdsonDRB2)*Fsw*Qg_Q2*VCC/(RdsonDRB+2*Rgate2+RdsonDRB2) | AR25: =(Qg_Q1+Qg_Q2)*Fsw*(Vin-VCC) | AS25: =SUM(AO25:AP25) | AT25: =SUM(U25,X25,AA25,AG25,AK25,AL25,AM25,AS25,AN25) | AU25: =Vout*K25 | AV25: =AU25/(AU25+AT25) | AW25: =ThetaJA_Q1*BC25 | AX25: =ThetaJA_Q2*BD25 | AZ25: =AV25*100 | BA25: =U25 | BB25: =AG25+AK25+AM25 | BC25: =AG25+AM25*0.66 | BD25: =AK25+AM25*0.33 | BE25: =AN25
A26: Top Driver | B26: Input Value | C26: Units | D26: Description | G26: 17 | H26: =Vin | I26: =MODE | J26: =Iout*G26/100 | K26: =Iout*G26/100/Number_of_Phases | L26: =Vout*K26/(Vin*Efficiency) | M26: =(Vout+(Rdson2+Rs+Rdcr)*K26)/(Vin+(Rs+Rdson2-Rdson1)*K26) | N26: =(Vin-(Rdson1+Rdcr)*K26-Vout)*M26/(Fsw*Lf) | O26: =K26+N26/2 | P26: =K26-N26/2 | Q26: =IF(MIN(Vin, -P26/(Coss_Q1+Coss_Q2)*0.00000002)<0, 0, MIN(Vin, -P26/(Coss_Q1+Coss_Q2)*0.00000002)) | R26: =SQRT(K26^2+(N26^2)/12) | S26: =R26^2*Rdcr | T26: =Core_Loss_Ch1 | U26: =(T26+S26*(1+Ltc*(Ta-25)))/(1-S26*Ltc*ThetaCa) | V26: =N26/SQRT(12) | W26: =RCoutEsr*V26^2 | X26: =W26 | Y26: =SQRT(M26*(1-M26))*SQRT(K26^2+(N26^2)/12) | Z26: =RCinEsr*Y26^2 | AA26: =Z26 | AB26: =SQRT(M26)*SQRT(K26^2+(N26^2)/12) | AC26: =Rdson1*AB26^2 | AD26: =(Vin*K26/2)*Fsw*(Tr_buck+Tf_buck) | AE26: =(0.5*Coss_Q1*(Vin-Q26)^2-0.5*Coss_Q2*(Vin-Q26)^2+(Qoss_Q2*(Vin-Q26)/Vin)*Vin)*Fsw | AF26: =IF(K26>N26/2,0,ABS(K26-N26/2)*Vsd_Q1*Deadtime*Fsw) | AG26: =(AF26+AE26+AD26+AC26*(1+RdsonTopTc*Ta-RdsonTopTc*25))/(1-AC26*RdsonTopTc*ThetaJA_Q1) | AH26: =SQRT((1-M26))*SQRT(K26^2+(N26^2)/12) | AI26: =Rdson2*AH26^2 | AJ26: =IF(K26<N26/2,Deadtime*Fsw*IF(VfdSky_Q2>0,0,Vsd_Q2)*(K26+N26/2),2*Deadtime*Fsw*IF(VfdSky_Q2>0,0,Vsd_Q2)*K26) | AK26: =(AJ26+AI26*(1+RdsonBotTc*Ta-RdsonBotTc*25))/(1-AI26*RdsonBotTc*ThetaJA_Q2) | AL26: =2*Deadtime*Fsw*IF(VfdSky_Q2>0,VfdSky_Q2,Vsd_Q2)*K26 | AM26: =IF(QrrSky_Q2>0,QrrSky_Q2,Qrr_Q2*K26/(Iout/Number_of_Phases))*Fsw*Vin | AN26: =Rs*R26^2 | AO26: =Iq*Vin | AP26: =IF(Ext_VCC=1, (Qg_Q1+Qg_Q2)*Fsw*VCC, (Qg_Q1+Qg_Q2)*Fsw*Vin) | AQ26: =(Vin-VCC)*Fsw*(Qg_Q1+Qg_Q2)+(RdsonDRT+RdsonDRT2)*Fsw*Qg_Q1*VCC/(RdsonDRT+2*Rgate1+RdsonDRT2)+(RdsonDRB+RdsonDRB2)*Fsw*Qg_Q2*VCC/(RdsonDRB+2*Rgate2+RdsonDRB2) | AR26: =(Qg_Q1+Qg_Q2)*Fsw*(Vin-VCC) | AS26: =SUM(AO26:AP26) | AT26: =SUM(U26,X26,AA26,AG26,AK26,AL26,AM26,AS26,AN26) | AU26: =Vout*K26 | AV26: =AU26/(AU26+AT26) | AW26: =ThetaJA_Q1*BC26 | AX26: =ThetaJA_Q2*BD26 | AZ26: =AV26*100 | BA26: =U26 | BB26: =AG26+AK26+AM26 | BC26: =AG26+AM26*0.66 | BD26: =AK26+AM26*0.33 | BE26: =AN26
A27: RdsonDRT | B27: 0.7 | C27: W | D27: Drain to Source Resistance of pullup Top FET Driver | G27: 18 | H27: =Vin | I27: =MODE | J27: =Iout*G27/100 | K27: =Iout*G27/100/Number_of_Phases | L27: =Vout*K27/(Vin*Efficiency) | M27: =(Vout+(Rdson2+Rs+Rdcr)*K27)/(Vin+(Rs+Rdson2-Rdson1)*K27) | N27: =(Vin-(Rdson1+Rdcr)*K27-Vout)*M27/(Fsw*Lf) | O27: =K27+N27/2 | P27: =K27-N27/2 | Q27: =IF(MIN(Vin, -P27/(Coss_Q1+Coss_Q2)*0.00000002)<0, 0, MIN(Vin, -P27/(Coss_Q1+Coss_Q2)*0.00000002)) | R27: =SQRT(K27^2+(N27^2)/12) | S27: =R27^2*Rdcr | T27: =Core_Loss_Ch1 | U27: =(T27+S27*(1+Ltc*(Ta-25)))/(1-S27*Ltc*ThetaCa) | V27: =N27/SQRT(12) | W27: =RCoutEsr*V27^2 | X27: =W27 | Y27: =SQRT(M27*(1-M27))*SQRT(K27^2+(N27^2)/12) | Z27: =RCinEsr*Y27^2 | AA27: =Z27 | AB27: =SQRT(M27)*SQRT(K27^2+(N27^2)/12) | AC27: =Rdson1*AB27^2 | AD27: =(Vin*K27/2)*Fsw*(Tr_buck+Tf_buck) | AE27: =(0.5*Coss_Q1*(Vin-Q27)^2-0.5*Coss_Q2*(Vin-Q27)^2+(Qoss_Q2*(Vin-Q27)/Vin)*Vin)*Fsw | AF27: =IF(K27>N27/2,0,ABS(K27-N27/2)*Vsd_Q1*Deadtime*Fsw) | AG27: =(AF27+AE27+AD27+AC27*(1+RdsonTopTc*Ta-RdsonTopTc*25))/(1-AC27*RdsonTopTc*ThetaJA_Q1) | AH27: =SQRT((1-M27))*SQRT(K27^2+(N27^2)/12) | AI27: =Rdson2*AH27^2 | AJ27: =IF(K27<N27/2,Deadtime*Fsw*IF(VfdSky_Q2>0,0,Vsd_Q2)*(K27+N27/2),2*Deadtime*Fsw*IF(VfdSky_Q2>0,0,Vsd_Q2)*K27) | AK27: =(AJ27+AI27*(1+RdsonBotTc*Ta-RdsonBotTc*25))/(1-AI27*RdsonBotTc*ThetaJA_Q2) | AL27: =2*Deadtime*Fsw*IF(VfdSky_Q2>0,VfdSky_Q2,Vsd_Q2)*K27 | AM27: =IF(QrrSky_Q2>0,QrrSky_Q2,Qrr_Q2*K27/(Iout/Number_of_Phases))*Fsw*Vin | AN27: =Rs*R27^2 | AO27: =Iq*Vin | AP27: =IF(Ext_VCC=1, (Qg_Q1+Qg_Q2)*Fsw*VCC, (Qg_Q1+Qg_Q2)*Fsw*Vin) | AQ27: =(Vin-VCC)*Fsw*(Qg_Q1+Qg_Q2)+(RdsonDRT+RdsonDRT2)*Fsw*Qg_Q1*VCC/(RdsonDRT+2*Rgate1+RdsonDRT2)+(RdsonDRB+RdsonDRB2)*Fsw*Qg_Q2*VCC/(RdsonDRB+2*Rgate2+RdsonDRB2) | AR27: =(Qg_Q1+Qg_Q2)*Fsw*(Vin-VCC) | AS27: =SUM(AO27:AP27) | AT27: =SUM(U27,X27,AA27,AG27,AK27,AL27,AM27,AS27,AN27) | AU27: =Vout*K27 | AV27: =AU27/(AU27+AT27) | AW27: =ThetaJA_Q1*BC27 | AX27: =ThetaJA_Q2*BD27 | AZ27: =AV27*100 | BA27: =U27 | BB27: =AG27+AK27+AM27 | BC27: =AG27+AM27*0.66 | BD27: =AK27+AM27*0.33 | BE27: =AN27
A28: RdsonDRT2 | B28: =RdsonDRT2 | C28: W | D28: Drain to Source Resistance of pulldown Top FET Driver | G28: 19 | H28: =Vin | I28: =MODE | J28: =Iout*G28/100 | K28: =Iout*G28/100/Number_of_Phases | L28: =Vout*K28/(Vin*Efficiency) | M28: =(Vout+(Rdson2+Rs+Rdcr)*K28)/(Vin+(Rs+Rdson2-Rdson1)*K28) | N28: =(Vin-(Rdson1+Rdcr)*K28-Vout)*M28/(Fsw*Lf) | O28: =K28+N28/2 | P28: =K28-N28/2 | Q28: =IF(MIN(Vin, -P28/(Coss_Q1+Coss_Q2)*0.00000002)<0, 0, MIN(Vin, -P28/(Coss_Q1+Coss_Q2)*0.00000002)) | R28: =SQRT(K28^2+(N28^2)/12) | S28: =R28^2*Rdcr | T28: =Core_Loss_Ch1 | U28: =(T28+S28*(1+Ltc*(Ta-25)))/(1-S28*Ltc*ThetaCa) | V28: =N28/SQRT(12) | W28: =RCoutEsr*V28^2 | X28: =W28 | Y28: =SQRT(M28*(1-M28))*SQRT(K28^2+(N28^2)/12) | Z28: =RCinEsr*Y28^2 | AA28: =Z28 | AB28: =SQRT(M28)*SQRT(K28^2+(N28^2)/12) | AC28: =Rdson1*AB28^2 | AD28: =(Vin*K28/2)*Fsw*(Tr_buck+Tf_buck) | AE28: =(0.5*Coss_Q1*(Vin-Q28)^2-0.5*Coss_Q2*(Vin-Q28)^2+(Qoss_Q2*(Vin-Q28)/Vin)*Vin)*Fsw | AF28: =IF(K28>N28/2,0,ABS(K28-N28/2)*Vsd_Q1*Deadtime*Fsw) | AG28: =(AF28+AE28+AD28+AC28*(1+RdsonTopTc*Ta-RdsonTopTc*25))/(1-AC28*RdsonTopTc*ThetaJA_Q1) | AH28: =SQRT((1-M28))*SQRT(K28^2+(N28^2)/12) | AI28: =Rdson2*AH28^2 | AJ28: =IF(K28<N28/2,Deadtime*Fsw*IF(VfdSky_Q2>0,0,Vsd_Q2)*(K28+N28/2),2*Deadtime*Fsw*IF(VfdSky_Q2>0,0,Vsd_Q2)*K28) | AK28: =(AJ28+AI28*(1+RdsonBotTc*Ta-RdsonBotTc*25))/(1-AI28*RdsonBotTc*ThetaJA_Q2) | AL28: =2*Deadtime*Fsw*IF(VfdSky_Q2>0,VfdSky_Q2,Vsd_Q2)*K28 | AM28: =IF(QrrSky_Q2>0,QrrSky_Q2,Qrr_Q2*K28/(Iout/Number_of_Phases))*Fsw*Vin | AN28: =Rs*R28^2 | AO28: =Iq*Vin | AP28: =IF(Ext_VCC=1, (Qg_Q1+Qg_Q2)*Fsw*VCC, (Qg_Q1+Qg_Q2)*Fsw*Vin) | AQ28: =(Vin-VCC)*Fsw*(Qg_Q1+Qg_Q2)+(RdsonDRT+RdsonDRT2)*Fsw*Qg_Q1*VCC/(RdsonDRT+2*Rgate1+RdsonDRT2)+(RdsonDRB+RdsonDRB2)*Fsw*Qg_Q2*VCC/(RdsonDRB+2*Rgate2+RdsonDRB2) | AR28: =(Qg_Q1+Qg_Q2)*Fsw*(Vin-VCC) | AS28: =SUM(AO28:AP28) | AT28: =SUM(U28,X28,AA28,AG28,AK28,AL28,AM28,AS28,AN28) | AU28: =Vout*K28 | AV28: =AU28/(AU28+AT28) | AW28: =ThetaJA_Q1*BC28 | AX28: =ThetaJA_Q2*BD28 | AZ28: =AV28*100 | BA28: =U28 | BB28: =AG28+AK28+AM28 | BC28: =AG28+AM28*0.66 | BD28: =AK28+AM28*0.33 | BE28: =AN28
A29: Bottom Driver | B29: Input Value | C29: Units | D29: Description | G29: 20 | H29: =Vin | I29: =MODE | J29: =Iout*G29/100 | K29: =Iout*G29/100/Number_of_Phases | L29: =Vout*K29/(Vin*Efficiency) | M29: =(Vout+(Rdson2+Rs+Rdcr)*K29)/(Vin+(Rs+Rdson2-Rdson1)*K29) | N29: =(Vin-(Rdson1+Rdcr)*K29-Vout)*M29/(Fsw*Lf) | O29: =K29+N29/2 | P29: =K29-N29/2 | Q29: =IF(MIN(Vin, -P29/(Coss_Q1+Coss_Q2)*0.00000002)<0, 0, MIN(Vin, -P29/(Coss_Q1+Coss_Q2)*0.00000002)) | R29: =SQRT(K29^2+(N29^2)/12) | S29: =R29^2*Rdcr | T29: =Core_Loss_Ch1 | U29: =(T29+S29*(1+Ltc*(Ta-25)))/(1-S29*Ltc*ThetaCa) | V29: =N29/SQRT(12) | W29: =RCoutEsr*V29^2 | X29: =W29 | Y29: =SQRT(M29*(1-M29))*SQRT(K29^2+(N29^2)/12) | Z29: =RCinEsr*Y29^2 | AA29: =Z29 | AB29: =SQRT(M29)*SQRT(K29^2+(N29^2)/12) | AC29: =Rdson1*AB29^2 | AD29: =(Vin*K29/2)*Fsw*(Tr_buck+Tf_buck) | AE29: =(0.5*Coss_Q1*(Vin-Q29)^2-0.5*Coss_Q2*(Vin-Q29)^2+(Qoss_Q2*(Vin-Q29)/Vin)*Vin)*Fsw | AF29: =IF(K29>N29/2,0,ABS(K29-N29/2)*Vsd_Q1*Deadtime*Fsw) | AG29: =(AF29+AE29+AD29+AC29*(1+RdsonTopTc*Ta-RdsonTopTc*25))/(1-AC29*RdsonTopTc*ThetaJA_Q1) | AH29: =SQRT((1-M29))*SQRT(K29^2+(N29^2)/12) | AI29: =Rdson2*AH29^2 | AJ29: =IF(K29<N29/2,Deadtime*Fsw*IF(VfdSky_Q2>0,0,Vsd_Q2)*(K29+N29/2),2*Deadtime*Fsw*IF(VfdSky_Q2>0,0,Vsd_Q2)*K29) | AK29: =(AJ29+AI29*(1+RdsonBotTc*Ta-RdsonBotTc*25))/(1-AI29*RdsonBotTc*ThetaJA_Q2) | AL29: =2*Deadtime*Fsw*IF(VfdSky_Q2>0,VfdSky_Q2,Vsd_Q2)*K29 | AM29: =IF(QrrSky_Q2>0,QrrSky_Q2,Qrr_Q2*K29/(Iout/Number_of_Phases))*Fsw*Vin | AN29: =Rs*R29^2 | AO29: =Iq*Vin | AP29: =IF(Ext_VCC=1, (Qg_Q1+Qg_Q2)*Fsw*VCC, (Qg_Q1+Qg_Q2)*Fsw*Vin) | AQ29: =(Vin-VCC)*Fsw*(Qg_Q1+Qg_Q2)+(RdsonDRT+RdsonDRT2)*Fsw*Qg_Q1*VCC/(RdsonDRT+2*Rgate1+RdsonDRT2)+(RdsonDRB+RdsonDRB2)*Fsw*Qg_Q2*VCC/(RdsonDRB+2*Rgate2+RdsonDRB2) | AR29: =(Qg_Q1+Qg_Q2)*Fsw*(Vin-VCC) | AS29: =SUM(AO29:AP29) | AT29: =SUM(U29,X29,AA29,AG29,AK29,AL29,AM29,AS29,AN29) | AU29: =Vout*K29 | AV29: =AU29/(AU29+AT29) | AW29: =ThetaJA_Q1*BC29 | AX29: =ThetaJA_Q2*BD29 | AZ29: =AV29*100 | BA29: =U29 | BB29: =AG29+AK29+AM29 | BC29: =AG29+AM29*0.66 | BD29: =AK29+AM29*0.33 | BE29: =AN29
A30: RdsonDRB | B30: 0.7 | C30: W | D30: Drain to Source Resistance of pullup Bottom FET Driver | G30: 21 | H30: =Vin | I30: =MODE | J30: =Iout*G30/100 | K30: =Iout*G30/100/Number_of_Phases | L30: =Vout*K30/(Vin*Efficiency) | M30: =(Vout+(Rdson2+Rs+Rdcr)*K30)/(Vin+(Rs+Rdson2-Rdson1)*K30) | N30: =(Vin-(Rdson1+Rdcr)*K30-Vout)*M30/(Fsw*Lf) | O30: =K30+N30/2 | P30: =K30-N30/2 | Q30: =IF(MIN(Vin, -P30/(Coss_Q1+Coss_Q2)*0.00000002)<0, 0, MIN(Vin, -P30/(Coss_Q1+Coss_Q2)*0.00000002)) | R30: =SQRT(K30^2+(N30^2)/12) | S30: =R30^2*Rdcr | T30: =Core_Loss_Ch1 | U30: =(T30+S30*(1+Ltc*(Ta-25)))/(1-S30*Ltc*ThetaCa) | V30: =N30/SQRT(12) | W30: =RCoutEsr*V30^2 | X30: =W30 | Y30: =SQRT(M30*(1-M30))*SQRT(K30^2+(N30^2)/12) | Z30: =RCinEsr*Y30^2 | AA30: =Z30 | AB30: =SQRT(M30)*SQRT(K30^2+(N30^2)/12) | AC30: =Rdson1*AB30^2 | AD30: =(Vin*K30/2)*Fsw*(Tr_buck+Tf_buck) | AE30: =(0.5*Coss_Q1*(Vin-Q30)^2-0.5*Coss_Q2*(Vin-Q30)^2+(Qoss_Q2*(Vin-Q30)/Vin)*Vin)*Fsw | AF30: =IF(K30>N30/2,0,ABS(K30-N30/2)*Vsd_Q1*Deadtime*Fsw) | AG30: =(AF30+AE30+AD30+AC30*(1+RdsonTopTc*Ta-RdsonTopTc*25))/(1-AC30*RdsonTopTc*ThetaJA_Q1) | AH30: =SQRT((1-M30))*SQRT(K30^2+(N30^2)/12) | AI30: =Rdson2*AH30^2 | AJ30: =IF(K30<N30/2,Deadtime*Fsw*IF(VfdSky_Q2>0,0,Vsd_Q2)*(K30+N30/2),2*Deadtime*Fsw*IF(VfdSky_Q2>0,0,Vsd_Q2)*K30) | AK30: =(AJ30+AI30*(1+RdsonBotTc*Ta-RdsonBotTc*25))/(1-AI30*RdsonBotTc*ThetaJA_Q2) | AL30: =2*Deadtime*Fsw*IF(VfdSky_Q2>0,VfdSky_Q2,Vsd_Q2)*K30 | AM30: =IF(QrrSky_Q2>0,QrrSky_Q2,Qrr_Q2*K30/(Iout/Number_of_Phases))*Fsw*Vin | AN30: =Rs*R30^2 | AO30: =Iq*Vin | AP30: =IF(Ext_VCC=1, (Qg_Q1+Qg_Q2)*Fsw*VCC, (Qg_Q1+Qg_Q2)*Fsw*Vin) | AQ30: =(Vin-VCC)*Fsw*(Qg_Q1+Qg_Q2)+(RdsonDRT+RdsonDRT2)*Fsw*Qg_Q1*VCC/(RdsonDRT+2*Rgate1+RdsonDRT2)+(RdsonDRB+RdsonDRB2)*Fsw*Qg_Q2*VCC/(RdsonDRB+2*Rgate2+RdsonDRB2) | AR30: =(Qg_Q1+Qg_Q2)*Fsw*(Vin-VCC) | AS30: =SUM(AO30:AP30) | AT30: =SUM(U30,X30,AA30,AG30,AK30,AL30,AM30,AS30,AN30) | AU30: =Vout*K30 | AV30: =AU30/(AU30+AT30) | AW30: =ThetaJA_Q1*BC30 | AX30: =ThetaJA_Q2*BD30 | AZ30: =AV30*100 | BA30: =U30 | BB30: =AG30+AK30+AM30 | BC30: =AG30+AM30*0.66 | BD30: =AK30+AM30*0.33 | BE30: =AN30
A31: RdsonDRB2 | B31: 0.5 | C31: W | D31: Drain to Source Resistance of pulldown Bottom FET Driver | G31: 22 | H31: =Vin | I31: =MODE | J31: =Iout*G31/100 | K31: =Iout*G31/100/Number_of_Phases | L31: =Vout*K31/(Vin*Efficiency) | M31: =(Vout+(Rdson2+Rs+Rdcr)*K31)/(Vin+(Rs+Rdson2-Rdson1)*K31) | N31: =(Vin-(Rdson1+Rdcr)*K31-Vout)*M31/(Fsw*Lf) | O31: =K31+N31/2 | P31: =K31-N31/2 | Q31: =IF(MIN(Vin, -P31/(Coss_Q1+Coss_Q2)*0.00000002)<0, 0, MIN(Vin, -P31/(Coss_Q1+Coss_Q2)*0.00000002)) | R31: =SQRT(K31^2+(N31^2)/12) | S31: =R31^2*Rdcr | T31: =Core_Loss_Ch1 | U31: =(T31+S31*(1+Ltc*(Ta-25)))/(1-S31*Ltc*ThetaCa) | V31: =N31/SQRT(12) | W31: =RCoutEsr*V31^2 | X31: =W31 | Y31: =SQRT(M31*(1-M31))*SQRT(K31^2+(N31^2)/12) | Z31: =RCinEsr*Y31^2 | AA31: =Z31 | AB31: =SQRT(M31)*SQRT(K31^2+(N31^2)/12) | AC31: =Rdson1*AB31^2 | AD31: =(Vin*K31/2)*Fsw*(Tr_buck+Tf_buck) | AE31: =(0.5*Coss_Q1*(Vin-Q31)^2-0.5*Coss_Q2*(Vin-Q31)^2+(Qoss_Q2*(Vin-Q31)/Vin)*Vin)*Fsw | AF31: =IF(K31>N31/2,0,ABS(K31-N31/2)*Vsd_Q1*Deadtime*Fsw) | AG31: =(AF31+AE31+AD31+AC31*(1+RdsonTopTc*Ta-RdsonTopTc*25))/(1-AC31*RdsonTopTc*ThetaJA_Q1) | AH31: =SQRT((1-M31))*SQRT(K31^2+(N31^2)/12) | AI31: =Rdson2*AH31^2 | AJ31: =IF(K31<N31/2,Deadtime*Fsw*IF(VfdSky_Q2>0,0,Vsd_Q2)*(K31+N31/2),2*Deadtime*Fsw*IF(VfdSky_Q2>0,0,Vsd_Q2)*K31) | AK31: =(AJ31+AI31*(1+RdsonBotTc*Ta-RdsonBotTc*25))/(1-AI31*RdsonBotTc*ThetaJA_Q2) | AL31: =2*Deadtime*Fsw*IF(VfdSky_Q2>0,VfdSky_Q2,Vsd_Q2)*K31 | AM31: =IF(QrrSky_Q2>0,QrrSky_Q2,Qrr_Q2*K31/(Iout/Number_of_Phases))*Fsw*Vin | AN31: =Rs*R31^2 | AO31: =Iq*Vin | AP31: =IF(Ext_VCC=1, (Qg_Q1+Qg_Q2)*Fsw*VCC, (Qg_Q1+Qg_Q2)*Fsw*Vin) | AQ31: =(Vin-VCC)*Fsw*(Qg_Q1+Qg_Q2)+(RdsonDRT+RdsonDRT2)*Fsw*Qg_Q1*VCC/(RdsonDRT+2*Rgate1+RdsonDRT2)+(RdsonDRB+RdsonDRB2)*Fsw*Qg_Q2*VCC/(RdsonDRB+2*Rgate2+RdsonDRB2) | AR31: =(Qg_Q1+Qg_Q2)*Fsw*(Vin-VCC) | AS31: =SUM(AO31:AP31) | AT31: =SUM(U31,X31,AA31,AG31,AK31,AL31,AM31,AS31,AN31) | AU31: =Vout*K31 | AV31: =AU31/(AU31+AT31) | AW31: =ThetaJA_Q1*BC31 | AX31: =ThetaJA_Q2*BD31 | AZ31: =AV31*100 | BA31: =U31 | BB31: =AG31+AK31+AM31 | BC31: =AG31+AM31*0.66 | BD31: =AK31+AM31*0.33 | BE31: =AN31
A32: Deadtime | B32: Input Value | C32: Units | D32: Description | G32: 23 | H32: =Vin | I32: =MODE | J32: =Iout*G32/100 | K32: =Iout*G32/100/Number_of_Phases | L32: =Vout*K32/(Vin*Efficiency) | M32: =(Vout+(Rdson2+Rs+Rdcr)*K32)/(Vin+(Rs+Rdson2-Rdson1)*K32) | N32: =(Vin-(Rdson1+Rdcr)*K32-Vout)*M32/(Fsw*Lf) | O32: =K32+N32/2 | P32: =K32-N32/2 | Q32: =IF(MIN(Vin, -P32/(Coss_Q1+Coss_Q2)*0.00000002)<0, 0, MIN(Vin, -P32/(Coss_Q1+Coss_Q2)*0.00000002)) | R32: =SQRT(K32^2+(N32^2)/12) | S32: =R32^2*Rdcr | T32: =Core_Loss_Ch1 | U32: =(T32+S32*(1+Ltc*(Ta-25)))/(1-S32*Ltc*ThetaCa) | V32: =N32/SQRT(12) | W32: =RCoutEsr*V32^2 | X32: =W32 | Y32: =SQRT(M32*(1-M32))*SQRT(K32^2+(N32^2)/12) | Z32: =RCinEsr*Y32^2 | AA32: =Z32 | AB32: =SQRT(M32)*SQRT(K32^2+(N32^2)/12) | AC32: =Rdson1*AB32^2 | AD32: =(Vin*K32/2)*Fsw*(Tr_buck+Tf_buck) | AE32: =(0.5*Coss_Q1*(Vin-Q32)^2-0.5*Coss_Q2*(Vin-Q32)^2+(Qoss_Q2*(Vin-Q32)/Vin)*Vin)*Fsw | AF32: =IF(K32>N32/2,0,ABS(K32-N32/2)*Vsd_Q1*Deadtime*Fsw) | AG32: =(AF32+AE32+AD32+AC32*(1+RdsonTopTc*Ta-RdsonTopTc*25))/(1-AC32*RdsonTopTc*ThetaJA_Q1) | AH32: =SQRT((1-M32))*SQRT(K32^2+(N32^2)/12) | AI32: =Rdson2*AH32^2 | AJ32: =IF(K32<N32/2,Deadtime*Fsw*IF(VfdSky_Q2>0,0,Vsd_Q2)*(K32+N32/2),2*Deadtime*Fsw*IF(VfdSky_Q2>0,0,Vsd_Q2)*K32) | AK32: =(AJ32+AI32*(1+RdsonBotTc*Ta-RdsonBotTc*25))/(1-AI32*RdsonBotTc*ThetaJA_Q2) | AL32: =2*Deadtime*Fsw*IF(VfdSky_Q2>0,VfdSky_Q2,Vsd_Q2)*K32 | AM32: =IF(QrrSky_Q2>0,QrrSky_Q2,Qrr_Q2*K32/(Iout/Number_of_Phases))*Fsw*Vin | AN32: =Rs*R32^2 | AO32: =Iq*Vin | AP32: =IF(Ext_VCC=1, (Qg_Q1+Qg_Q2)*Fsw*VCC, (Qg_Q1+Qg_Q2)*Fsw*Vin) | AQ32: =(Vin-VCC)*Fsw*(Qg_Q1+Qg_Q2)+(RdsonDRT+RdsonDRT2)*Fsw*Qg_Q1*VCC/(RdsonDRT+2*Rgate1+RdsonDRT2)+(RdsonDRB+RdsonDRB2)*Fsw*Qg_Q2*VCC/(RdsonDRB+2*Rgate2+RdsonDRB2) | AR32: =(Qg_Q1+Qg_Q2)*Fsw*(Vin-VCC) | AS32: =SUM(AO32:AP32) | AT32: =SUM(U32,X32,AA32,AG32,AK32,AL32,AM32,AS32,AN32) | AU32: =Vout*K32 | AV32: =AU32/(AU32+AT32) | AW32: =ThetaJA_Q1*BC32 | AX32: =ThetaJA_Q2*BD32 | AZ32: =AV32*100 | BA32: =U32 | BB32: =AG32+AK32+AM32 | BC32: =AG32+AM32*0.66 | BD32: =AK32+AM32*0.33 | BE32: =AN32
A33: Deadtime | B33: =Deadtime*1000000000 | C33: ns | D33: Total Deadtime | G33: 24 | H33: =Vin | I33: =MODE | J33: =Iout*G33/100 | K33: =Iout*G33/100/Number_of_Phases | L33: =Vout*K33/(Vin*Efficiency) | M33: =(Vout+(Rdson2+Rs+Rdcr)*K33)/(Vin+(Rs+Rdson2-Rdson1)*K33) | N33: =(Vin-(Rdson1+Rdcr)*K33-Vout)*M33/(Fsw*Lf) | O33: =K33+N33/2 | P33: =K33-N33/2 | Q33: =IF(MIN(Vin, -P33/(Coss_Q1+Coss_Q2)*0.00000002)<0, 0, MIN(Vin, -P33/(Coss_Q1+Coss_Q2)*0.00000002)) | R33: =SQRT(K33^2+(N33^2)/12) | S33: =R33^2*Rdcr | T33: =Core_Loss_Ch1 | U33: =(T33+S33*(1+Ltc*(Ta-25)))/(1-S33*Ltc*ThetaCa) | V33: =N33/SQRT(12) | W33: =RCoutEsr*V33^2 | X33: =W33 | Y33: =SQRT(M33*(1-M33))*SQRT(K33^2+(N33^2)/12) | Z33: =RCinEsr*Y33^2 | AA33: =Z33 | AB33: =SQRT(M33)*SQRT(K33^2+(N33^2)/12) | AC33: =Rdson1*AB33^2 | AD33: =(Vin*K33/2)*Fsw*(Tr_buck+Tf_buck) | AE33: =(0.5*Coss_Q1*(Vin-Q33)^2-0.5*Coss_Q2*(Vin-Q33)^2+(Qoss_Q2*(Vin-Q33)/Vin)*Vin)*Fsw | AF33: =IF(K33>N33/2,0,ABS(K33-N33/2)*Vsd_Q1*Deadtime*Fsw) | AG33: =(AF33+AE33+AD33+AC33*(1+RdsonTopTc*Ta-RdsonTopTc*25))/(1-AC33*RdsonTopTc*ThetaJA_Q1) | AH33: =SQRT((1-M33))*SQRT(K33^2+(N33^2)/12) | AI33: =Rdson2*AH33^2 | AJ33: =IF(K33<N33/2,Deadtime*Fsw*IF(VfdSky_Q2>0,0,Vsd_Q2)*(K33+N33/2),2*Deadtime*Fsw*IF(VfdSky_Q2>0,0,Vsd_Q2)*K33) | AK33: =(AJ33+AI33*(1+RdsonBotTc*Ta-RdsonBotTc*25))/(1-AI33*RdsonBotTc*ThetaJA_Q2) | AL33: =2*Deadtime*Fsw*IF(VfdSky_Q2>0,VfdSky_Q2,Vsd_Q2)*K33 | AM33: =IF(QrrSky_Q2>0,QrrSky_Q2,Qrr_Q2*K33/(Iout/Number_of_Phases))*Fsw*Vin | AN33: =Rs*R33^2 | AO33: =Iq*Vin | AP33: =IF(Ext_VCC=1, (Qg_Q1+Qg_Q2)*Fsw*VCC, (Qg_Q1+Qg_Q2)*Fsw*Vin) | AQ33: =(Vin-VCC)*Fsw*(Qg_Q1+Qg_Q2)+(RdsonDRT+RdsonDRT2)*Fsw*Qg_Q1*VCC/(RdsonDRT+2*Rgate1+RdsonDRT2)+(RdsonDRB+RdsonDRB2)*Fsw*Qg_Q2*VCC/(RdsonDRB+2*Rgate2+RdsonDRB2) | AR33: =(Qg_Q1+Qg_Q2)*Fsw*(Vin-VCC) | AS33: =SUM(AO33:AP33) | AT33: =SUM(U33,X33,AA33,AG33,AK33,AL33,AM33,AS33,AN33) | AU33: =Vout*K33 | AV33: =AU33/(AU33+AT33) | AW33: =ThetaJA_Q1*BC33 | AX33: =ThetaJA_Q2*BD33 | AZ33: =AV33*100 | BA33: =U33 | BB33: =AG33+AK33+AM33 | BC33: =AG33+AM33*0.66 | BD33: =AK33+AM33*0.33 | BE33: =AN33
A34: IQ | B34: Input Value | C34: Units | D34: Description | G34: 25 | H34: =Vin | I34: =MODE | J34: =Iout*G34/100 | K34: =Iout*G34/100/Number_of_Phases | L34: =Vout*K34/(Vin*Efficiency) | M34: =(Vout+(Rdson2+Rs+Rdcr)*K34)/(Vin+(Rs+Rdson2-Rdson1)*K34) | N34: =(Vin-(Rdson1+Rdcr)*K34-Vout)*M34/(Fsw*Lf) | O34: =K34+N34/2 | P34: =K34-N34/2 | Q34: =IF(MIN(Vin, -P34/(Coss_Q1+Coss_Q2)*0.00000002)<0, 0, MIN(Vin, -P34/(Coss_Q1+Coss_Q2)*0.00000002)) | R34: =SQRT(K34^2+(N34^2)/12) | S34: =R34^2*Rdcr | T34: =Core_Loss_Ch1 | U34: =(T34+S34*(1+Ltc*(Ta-25)))/(1-S34*Ltc*ThetaCa) | V34: =N34/SQRT(12) | W34: =RCoutEsr*V34^2 | X34: =W34 | Y34: =SQRT(M34*(1-M34))*SQRT(K34^2+(N34^2)/12) | Z34: =RCinEsr*Y34^2 | AA34: =Z34 | AB34: =SQRT(M34)*SQRT(K34^2+(N34^2)/12) | AC34: =Rdson1*AB34^2 | AD34: =(Vin*K34/2)*Fsw*(Tr_buck+Tf_buck) | AE34: =(0.5*Coss_Q1*(Vin-Q34)^2-0.5*Coss_Q2*(Vin-Q34)^2+(Qoss_Q2*(Vin-Q34)/Vin)*Vin)*Fsw | AF34: =IF(K34>N34/2,0,ABS(K34-N34/2)*Vsd_Q1*Deadtime*Fsw) | AG34: =(AF34+AE34+AD34+AC34*(1+RdsonTopTc*Ta-RdsonTopTc*25))/(1-AC34*RdsonTopTc*ThetaJA_Q1) | AH34: =SQRT((1-M34))*SQRT(K34^2+(N34^2)/12) | AI34: =Rdson2*AH34^2 | AJ34: =IF(K34<N34/2,Deadtime*Fsw*IF(VfdSky_Q2>0,0,Vsd_Q2)*(K34+N34/2),2*Deadtime*Fsw*IF(VfdSky_Q2>0,0,Vsd_Q2)*K34) | AK34: =(AJ34+AI34*(1+RdsonBotTc*Ta-RdsonBotTc*25))/(1-AI34*RdsonBotTc*ThetaJA_Q2) | AL34: =2*Deadtime*Fsw*IF(VfdSky_Q2>0,VfdSky_Q2,Vsd_Q2)*K34 | AM34: =IF(QrrSky_Q2>0,QrrSky_Q2,Qrr_Q2*K34/(Iout/Number_of_Phases))*Fsw*Vin | AN34: =Rs*R34^2 | AO34: =Iq*Vin | AP34: =IF(Ext_VCC=1, (Qg_Q1+Qg_Q2)*Fsw*VCC, (Qg_Q1+Qg_Q2)*Fsw*Vin) | AQ34: =(Vin-VCC)*Fsw*(Qg_Q1+Qg_Q2)+(RdsonDRT+RdsonDRT2)*Fsw*Qg_Q1*VCC/(RdsonDRT+2*Rgate1+RdsonDRT2)+(RdsonDRB+RdsonDRB2)*Fsw*Qg_Q2*VCC/(RdsonDRB+2*Rgate2+RdsonDRB2) | AR34: =(Qg_Q1+Qg_Q2)*Fsw*(Vin-VCC) | AS34: =SUM(AO34:AP34) | AT34: =SUM(U34,X34,AA34,AG34,AK34,AL34,AM34,AS34,AN34) | AU34: =Vout*K34 | AV34: =AU34/(AU34+AT34) | AW34: =ThetaJA_Q1*BC34 | AX34: =ThetaJA_Q2*BD34 | AZ34: =AV34*100 | BA34: =U34 | BB34: =AG34+AK34+AM34 | BC34: =AG34+AM34*0.66 | BD34: =AK34+AM34*0.33 | BE34: =AN34
A35: IQ | B35: =Iq*1000 | C35: mA | D35: Quiescent Current Of Controller (Not Switching!) | G35: 26 | H35: =Vin | I35: =MODE | J35: =Iout*G35/100 | K35: =Iout*G35/100/Number_of_Phases | L35: =Vout*K35/(Vin*Efficiency) | M35: =(Vout+(Rdson2+Rs+Rdcr)*K35)/(Vin+(Rs+Rdson2-Rdson1)*K35) | N35: =(Vin-(Rdson1+Rdcr)*K35-Vout)*M35/(Fsw*Lf) | O35: =K35+N35/2 | P35: =K35-N35/2 | Q35: =IF(MIN(Vin, -P35/(Coss_Q1+Coss_Q2)*0.00000002)<0, 0, MIN(Vin, -P35/(Coss_Q1+Coss_Q2)*0.00000002)) | R35: =SQRT(K35^2+(N35^2)/12) | S35: =R35^2*Rdcr | T35: =Core_Loss_Ch1 | U35: =(T35+S35*(1+Ltc*(Ta-25)))/(1-S35*Ltc*ThetaCa) | V35: =N35/SQRT(12) | W35: =RCoutEsr*V35^2 | X35: =W35 | Y35: =SQRT(M35*(1-M35))*SQRT(K35^2+(N35^2)/12) | Z35: =RCinEsr*Y35^2 | AA35: =Z35 | AB35: =SQRT(M35)*SQRT(K35^2+(N35^2)/12) | AC35: =Rdson1*AB35^2 | AD35: =(Vin*K35/2)*Fsw*(Tr_buck+Tf_buck) | AE35: =(0.5*Coss_Q1*(Vin-Q35)^2-0.5*Coss_Q2*(Vin-Q35)^2+(Qoss_Q2*(Vin-Q35)/Vin)*Vin)*Fsw | AF35: =IF(K35>N35/2,0,ABS(K35-N35/2)*Vsd_Q1*Deadtime*Fsw) | AG35: =(AF35+AE35+AD35+AC35*(1+RdsonTopTc*Ta-RdsonTopTc*25))/(1-AC35*RdsonTopTc*ThetaJA_Q1) | AH35: =SQRT((1-M35))*SQRT(K35^2+(N35^2)/12) | AI35: =Rdson2*AH35^2 | AJ35: =IF(K35<N35/2,Deadtime*Fsw*IF(VfdSky_Q2>0,0,Vsd_Q2)*(K35+N35/2),2*Deadtime*Fsw*IF(VfdSky_Q2>0,0,Vsd_Q2)*K35) | AK35: =(AJ35+AI35*(1+RdsonBotTc*Ta-RdsonBotTc*25))/(1-AI35*RdsonBotTc*ThetaJA_Q2) | AL35: =2*Deadtime*Fsw*IF(VfdSky_Q2>0,VfdSky_Q2,Vsd_Q2)*K35 | AM35: =IF(QrrSky_Q2>0,QrrSky_Q2,Qrr_Q2*K35/(Iout/Number_of_Phases))*Fsw*Vin | AN35: =Rs*R35^2 | AO35: =Iq*Vin | AP35: =IF(Ext_VCC=1, (Qg_Q1+Qg_Q2)*Fsw*VCC, (Qg_Q1+Qg_Q2)*Fsw*Vin) | AQ35: =(Vin-VCC)*Fsw*(Qg_Q1+Qg_Q2)+(RdsonDRT+RdsonDRT2)*Fsw*Qg_Q1*VCC/(RdsonDRT+2*Rgate1+RdsonDRT2)+(RdsonDRB+RdsonDRB2)*Fsw*Qg_Q2*VCC/(RdsonDRB+2*Rgate2+RdsonDRB2) | AR35: =(Qg_Q1+Qg_Q2)*Fsw*(Vin-VCC) | AS35: =SUM(AO35:AP35) | AT35: =SUM(U35,X35,AA35,AG35,AK35,AL35,AM35,AS35,AN35) | AU35: =Vout*K35 | AV35: =AU35/(AU35+AT35) | AW35: =ThetaJA_Q1*BC35 | AX35: =ThetaJA_Q2*BD35 | AZ35: =AV35*100 | BA35: =U35 | BB35: =AG35+AK35+AM35 | BC35: =AG35+AM35*0.66 | BD35: =AK35+AM35*0.33 | BE35: =AN35
A36: High-side FET | B36: Input Value | C36: Units | D36: Description | G36: 27 | H36: =Vin | I36: =MODE | J36: =Iout*G36/100 | K36: =Iout*G36/100/Number_of_Phases | L36: =Vout*K36/(Vin*Efficiency) | M36: =(Vout+(Rdson2+Rs+Rdcr)*K36)/(Vin+(Rs+Rdson2-Rdson1)*K36) | N36: =(Vin-(Rdson1+Rdcr)*K36-Vout)*M36/(Fsw*Lf) | O36: =K36+N36/2 | P36: =K36-N36/2 | Q36: =IF(MIN(Vin, -P36/(Coss_Q1+Coss_Q2)*0.00000002)<0, 0, MIN(Vin, -P36/(Coss_Q1+Coss_Q2)*0.00000002)) | R36: =SQRT(K36^2+(N36^2)/12) | S36: =R36^2*Rdcr | T36: =Core_Loss_Ch1 | U36: =(T36+S36*(1+Ltc*(Ta-25)))/(1-S36*Ltc*ThetaCa) | V36: =N36/SQRT(12) | W36: =RCoutEsr*V36^2 | X36: =W36 | Y36: =SQRT(M36*(1-M36))*SQRT(K36^2+(N36^2)/12) | Z36: =RCinEsr*Y36^2 | AA36: =Z36 | AB36: =SQRT(M36)*SQRT(K36^2+(N36^2)/12) | AC36: =Rdson1*AB36^2 | AD36: =(Vin*K36/2)*Fsw*(Tr_buck+Tf_buck) | AE36: =(0.5*Coss_Q1*(Vin-Q36)^2-0.5*Coss_Q2*(Vin-Q36)^2+(Qoss_Q2*(Vin-Q36)/Vin)*Vin)*Fsw | AF36: =IF(K36>N36/2,0,ABS(K36-N36/2)*Vsd_Q1*Deadtime*Fsw) | AG36: =(AF36+AE36+AD36+AC36*(1+RdsonTopTc*Ta-RdsonTopTc*25))/(1-AC36*RdsonTopTc*ThetaJA_Q1) | AH36: =SQRT((1-M36))*SQRT(K36^2+(N36^2)/12) | AI36: =Rdson2*AH36^2 | AJ36: =IF(K36<N36/2,Deadtime*Fsw*IF(VfdSky_Q2>0,0,Vsd_Q2)*(K36+N36/2),2*Deadtime*Fsw*IF(VfdSky_Q2>0,0,Vsd_Q2)*K36) | AK36: =(AJ36+AI36*(1+RdsonBotTc*Ta-RdsonBotTc*25))/(1-AI36*RdsonBotTc*ThetaJA_Q2) | AL36: =2*Deadtime*Fsw*IF(VfdSky_Q2>0,VfdSky_Q2,Vsd_Q2)*K36 | AM36: =IF(QrrSky_Q2>0,QrrSky_Q2,Qrr_Q2*K36/(Iout/Number_of_Phases))*Fsw*Vin | AN36: =Rs*R36^2 | AO36: =Iq*Vin | AP36: =IF(Ext_VCC=1, (Qg_Q1+Qg_Q2)*Fsw*VCC, (Qg_Q1+Qg_Q2)*Fsw*Vin) | AQ36: =(Vin-VCC)*Fsw*(Qg_Q1+Qg_Q2)+(RdsonDRT+RdsonDRT2)*Fsw*Qg_Q1*VCC/(RdsonDRT+2*Rgate1+RdsonDRT2)+(RdsonDRB+RdsonDRB2)*Fsw*Qg_Q2*VCC/(RdsonDRB+2*Rgate2+RdsonDRB2) | AR36: =(Qg_Q1+Qg_Q2)*Fsw*(Vin-VCC) | AS36: =SUM(AO36:AP36) | AT36: =SUM(U36,X36,AA36,AG36,AK36,AL36,AM36,AS36,AN36) | AU36: =Vout*K36 | AV36: =AU36/(AU36+AT36) | AW36: =ThetaJA_Q1*BC36 | AX36: =ThetaJA_Q2*BD36 | AZ36: =AV36*100 | BA36: =U36 | BB36: =AG36+AK36+AM36 | BC36: =AG36+AM36*0.66 | BD36: =AK36+AM36*0.33 | BE36: =AN36
A37: RdsonTop | B37: =Rdson1*1000 | C37: mW | D37: Drain-Source Resistance of Top FET | G37: 28 | H37: =Vin | I37: =MODE | J37: =Iout*G37/100 | K37: =Iout*G37/100/Number_of_Phases | L37: =Vout*K37/(Vin*Efficiency) | M37: =(Vout+(Rdson2+Rs+Rdcr)*K37)/(Vin+(Rs+Rdson2-Rdson1)*K37) | N37: =(Vin-(Rdson1+Rdcr)*K37-Vout)*M37/(Fsw*Lf) | O37: =K37+N37/2 | P37: =K37-N37/2 | Q37: =IF(MIN(Vin, -P37/(Coss_Q1+Coss_Q2)*0.00000002)<0, 0, MIN(Vin, -P37/(Coss_Q1+Coss_Q2)*0.00000002)) | R37: =SQRT(K37^2+(N37^2)/12) | S37: =R37^2*Rdcr | T37: =Core_Loss_Ch1 | U37: =(T37+S37*(1+Ltc*(Ta-25)))/(1-S37*Ltc*ThetaCa) | V37: =N37/SQRT(12) | W37: =RCoutEsr*V37^2 | X37: =W37 | Y37: =SQRT(M37*(1-M37))*SQRT(K37^2+(N37^2)/12) | Z37: =RCinEsr*Y37^2 | AA37: =Z37 | AB37: =SQRT(M37)*SQRT(K37^2+(N37^2)/12) | AC37: =Rdson1*AB37^2 | AD37: =(Vin*K37/2)*Fsw*(Tr_buck+Tf_buck) | AE37: =(0.5*Coss_Q1*(Vin-Q37)^2-0.5*Coss_Q2*(Vin-Q37)^2+(Qoss_Q2*(Vin-Q37)/Vin)*Vin)*Fsw | AF37: =IF(K37>N37/2,0,ABS(K37-N37/2)*Vsd_Q1*Deadtime*Fsw) | AG37: =(AF37+AE37+AD37+AC37*(1+RdsonTopTc*Ta-RdsonTopTc*25))/(1-AC37*RdsonTopTc*ThetaJA_Q1) | AH37: =SQRT((1-M37))*SQRT(K37^2+(N37^2)/12) | AI37: =Rdson2*AH37^2 | AJ37: =IF(K37<N37/2,Deadtime*Fsw*IF(VfdSky_Q2>0,0,Vsd_Q2)*(K37+N37/2),2*Deadtime*Fsw*IF(VfdSky_Q2>0,0,Vsd_Q2)*K37) | AK37: =(AJ37+AI37*(1+RdsonBotTc*Ta-RdsonBotTc*25))/(1-AI37*RdsonBotTc*ThetaJA_Q2) | AL37: =2*Deadtime*Fsw*IF(VfdSky_Q2>0,VfdSky_Q2,Vsd_Q2)*K37 | AM37: =IF(QrrSky_Q2>0,QrrSky_Q2,Qrr_Q2*K37/(Iout/Number_of_Phases))*Fsw*Vin | AN37: =Rs*R37^2 | AO37: =Iq*Vin | AP37: =IF(Ext_VCC=1, (Qg_Q1+Qg_Q2)*Fsw*VCC, (Qg_Q1+Qg_Q2)*Fsw*Vin) | AQ37: =(Vin-VCC)*Fsw*(Qg_Q1+Qg_Q2)+(RdsonDRT+RdsonDRT2)*Fsw*Qg_Q1*VCC/(RdsonDRT+2*Rgate1+RdsonDRT2)+(RdsonDRB+RdsonDRB2)*Fsw*Qg_Q2*VCC/(RdsonDRB+2*Rgate2+RdsonDRB2) | AR37: =(Qg_Q1+Qg_Q2)*Fsw*(Vin-VCC) | AS37: =SUM(AO37:AP37) | AT37: =SUM(U37,X37,AA37,AG37,AK37,AL37,AM37,AS37,AN37) | AU37: =Vout*K37 | AV37: =AU37/(AU37+AT37) | AW37: =ThetaJA_Q1*BC37 | AX37: =ThetaJA_Q2*BD37 | AZ37: =AV37*100 | BA37: =U37 | BB37: =AG37+AK37+AM37 | BC37: =AG37+AM37*0.66 | BD37: =AK37+AM37*0.33 | BE37: =AN37
A38: RdsonTopTc | B38: =RdsonTopTc*1000000 | C38: ppm | D38: Drain to Source Resistance Temp Co | G38: 29 | H38: =Vin | I38: =MODE | J38: =Iout*G38/100 | K38: =Iout*G38/100/Number_of_Phases | L38: =Vout*K38/(Vin*Efficiency) | M38: =(Vout+(Rdson2+Rs+Rdcr)*K38)/(Vin+(Rs+Rdson2-Rdson1)*K38) | N38: =(Vin-(Rdson1+Rdcr)*K38-Vout)*M38/(Fsw*Lf) | O38: =K38+N38/2 | P38: =K38-N38/2 | Q38: =IF(MIN(Vin, -P38/(Coss_Q1+Coss_Q2)*0.00000002)<0, 0, MIN(Vin, -P38/(Coss_Q1+Coss_Q2)*0.00000002)) | R38: =SQRT(K38^2+(N38^2)/12) | S38: =R38^2*Rdcr | T38: =Core_Loss_Ch1 | U38: =(T38+S38*(1+Ltc*(Ta-25)))/(1-S38*Ltc*ThetaCa) | V38: =N38/SQRT(12) | W38: =RCoutEsr*V38^2 | X38: =W38 | Y38: =SQRT(M38*(1-M38))*SQRT(K38^2+(N38^2)/12) | Z38: =RCinEsr*Y38^2 | AA38: =Z38 | AB38: =SQRT(M38)*SQRT(K38^2+(N38^2)/12) | AC38: =Rdson1*AB38^2 | AD38: =(Vin*K38/2)*Fsw*(Tr_buck+Tf_buck) | AE38: =(0.5*Coss_Q1*(Vin-Q38)^2-0.5*Coss_Q2*(Vin-Q38)^2+(Qoss_Q2*(Vin-Q38)/Vin)*Vin)*Fsw | AF38: =IF(K38>N38/2,0,ABS(K38-N38/2)*Vsd_Q1*Deadtime*Fsw) | AG38: =(AF38+AE38+AD38+AC38*(1+RdsonTopTc*Ta-RdsonTopTc*25))/(1-AC38*RdsonTopTc*ThetaJA_Q1) | AH38: =SQRT((1-M38))*SQRT(K38^2+(N38^2)/12) | AI38: =Rdson2*AH38^2 | AJ38: =IF(K38<N38/2,Deadtime*Fsw*IF(VfdSky_Q2>0,0,Vsd_Q2)*(K38+N38/2),2*Deadtime*Fsw*IF(VfdSky_Q2>0,0,Vsd_Q2)*K38) | AK38: =(AJ38+AI38*(1+RdsonBotTc*Ta-RdsonBotTc*25))/(1-AI38*RdsonBotTc*ThetaJA_Q2) | AL38: =2*Deadtime*Fsw*IF(VfdSky_Q2>0,VfdSky_Q2,Vsd_Q2)*K38 | AM38: =IF(QrrSky_Q2>0,QrrSky_Q2,Qrr_Q2*K38/(Iout/Number_of_Phases))*Fsw*Vin | AN38: =Rs*R38^2 | AO38: =Iq*Vin | AP38: =IF(Ext_VCC=1, (Qg_Q1+Qg_Q2)*Fsw*VCC, (Qg_Q1+Qg_Q2)*Fsw*Vin) | AQ38: =(Vin-VCC)*Fsw*(Qg_Q1+Qg_Q2)+(RdsonDRT+RdsonDRT2)*Fsw*Qg_Q1*VCC/(RdsonDRT+2*Rgate1+RdsonDRT2)+(RdsonDRB+RdsonDRB2)*Fsw*Qg_Q2*VCC/(RdsonDRB+2*Rgate2+RdsonDRB2) | AR38: =(Qg_Q1+Qg_Q2)*Fsw*(Vin-VCC) | AS38: =SUM(AO38:AP38) | AT38: =SUM(U38,X38,AA38,AG38,AK38,AL38,AM38,AS38,AN38) | AU38: =Vout*K38 | AV38: =AU38/(AU38+AT38) | AW38: =ThetaJA_Q1*BC38 | AX38: =ThetaJA_Q2*BD38 | AZ38: =AV38*100 | BA38: =U38 | BB38: =AG38+AK38+AM38 | BC38: =AG38+AM38*0.66 | BD38: =AK38+AM38*0.33 | BE38: =AN38
A39: QgTop | B39: =Qg_Q1*1000000000 | C39: nC | D39: Gate Charge Of Top FET | G39: 30 | H39: =Vin | I39: =MODE | J39: =Iout*G39/100 | K39: =Iout*G39/100/Number_of_Phases | L39: =Vout*K39/(Vin*Efficiency) | M39: =(Vout+(Rdson2+Rs+Rdcr)*K39)/(Vin+(Rs+Rdson2-Rdson1)*K39) | N39: =(Vin-(Rdson1+Rdcr)*K39-Vout)*M39/(Fsw*Lf) | O39: =K39+N39/2 | P39: =K39-N39/2 | Q39: =IF(MIN(Vin, -P39/(Coss_Q1+Coss_Q2)*0.00000002)<0, 0, MIN(Vin, -P39/(Coss_Q1+Coss_Q2)*0.00000002)) | R39: =SQRT(K39^2+(N39^2)/12) | S39: =R39^2*Rdcr | T39: =Core_Loss_Ch1 | U39: =(T39+S39*(1+Ltc*(Ta-25)))/(1-S39*Ltc*ThetaCa) | V39: =N39/SQRT(12) | W39: =RCoutEsr*V39^2 | X39: =W39 | Y39: =SQRT(M39*(1-M39))*SQRT(K39^2+(N39^2)/12) | Z39: =RCinEsr*Y39^2 | AA39: =Z39 | AB39: =SQRT(M39)*SQRT(K39^2+(N39^2)/12) | AC39: =Rdson1*AB39^2 | AD39: =(Vin*K39/2)*Fsw*(Tr_buck+Tf_buck) | AE39: =(0.5*Coss_Q1*(Vin-Q39)^2-0.5*Coss_Q2*(Vin-Q39)^2+(Qoss_Q2*(Vin-Q39)/Vin)*Vin)*Fsw | AF39: =IF(K39>N39/2,0,ABS(K39-N39/2)*Vsd_Q1*Deadtime*Fsw) | AG39: =(AF39+AE39+AD39+AC39*(1+RdsonTopTc*Ta-RdsonTopTc*25))/(1-AC39*RdsonTopTc*ThetaJA_Q1) | AH39: =SQRT((1-M39))*SQRT(K39^2+(N39^2)/12) | AI39: =Rdson2*AH39^2 | AJ39: =IF(K39<N39/2,Deadtime*Fsw*IF(VfdSky_Q2>0,0,Vsd_Q2)*(K39+N39/2),2*Deadtime*Fsw*IF(VfdSky_Q2>0,0,Vsd_Q2)*K39) | AK39: =(AJ39+AI39*(1+RdsonBotTc*Ta-RdsonBotTc*25))/(1-AI39*RdsonBotTc*ThetaJA_Q2) | AL39: =2*Deadtime*Fsw*IF(VfdSky_Q2>0,VfdSky_Q2,Vsd_Q2)*K39 | AM39: =IF(QrrSky_Q2>0,QrrSky_Q2,Qrr_Q2*K39/(Iout/Number_of_Phases))*Fsw*Vin | AN39: =Rs*R39^2 | AO39: =Iq*Vin | AP39: =IF(Ext_VCC=1, (Qg_Q1+Qg_Q2)*Fsw*VCC, (Qg_Q1+Qg_Q2)*Fsw*Vin) | AQ39: =(Vin-VCC)*Fsw*(Qg_Q1+Qg_Q2)+(RdsonDRT+RdsonDRT2)*Fsw*Qg_Q1*VCC/(RdsonDRT+2*Rgate1+RdsonDRT2)+(RdsonDRB+RdsonDRB2)*Fsw*Qg_Q2*VCC/(RdsonDRB+2*Rgate2+RdsonDRB2) | AR39: =(Qg_Q1+Qg_Q2)*Fsw*(Vin-VCC) | AS39: =SUM(AO39:AP39) | AT39: =SUM(U39,X39,AA39,AG39,AK39,AL39,AM39,AS39,AN39) | AU39: =Vout*K39 | AV39: =AU39/(AU39+AT39) | AW39: =ThetaJA_Q1*BC39 | AX39: =ThetaJA_Q2*BD39 | AZ39: =AV39*100 | BA39: =U39 | BB39: =AG39+AK39+AM39 | BC39: =AG39+AM39*0.66 | BD39: =AK39+AM39*0.33 | BE39: =AN39
A40: QgdTop | B40: =Qgd_Q1*1000000000 | C40: nC | D40: Gate to Drain Charge | G40: 31 | H40: =Vin | I40: =MODE | J40: =Iout*G40/100 | K40: =Iout*G40/100/Number_of_Phases | L40: =Vout*K40/(Vin*Efficiency) | M40: =(Vout+(Rdson2+Rs+Rdcr)*K40)/(Vin+(Rs+Rdson2-Rdson1)*K40) | N40: =(Vin-(Rdson1+Rdcr)*K40-Vout)*M40/(Fsw*Lf) | O40: =K40+N40/2 | P40: =K40-N40/2 | Q40: =IF(MIN(Vin, -P40/(Coss_Q1+Coss_Q2)*0.00000002)<0, 0, MIN(Vin, -P40/(Coss_Q1+Coss_Q2)*0.00000002)) | R40: =SQRT(K40^2+(N40^2)/12) | S40: =R40^2*Rdcr | T40: =Core_Loss_Ch1 | U40: =(T40+S40*(1+Ltc*(Ta-25)))/(1-S40*Ltc*ThetaCa) | V40: =N40/SQRT(12) | W40: =RCoutEsr*V40^2 | X40: =W40 | Y40: =SQRT(M40*(1-M40))*SQRT(K40^2+(N40^2)/12) | Z40: =RCinEsr*Y40^2 | AA40: =Z40 | AB40: =SQRT(M40)*SQRT(K40^2+(N40^2)/12) | AC40: =Rdson1*AB40^2 | AD40: =(Vin*K40/2)*Fsw*(Tr_buck+Tf_buck) | AE40: =(0.5*Coss_Q1*(Vin-Q40)^2-0.5*Coss_Q2*(Vin-Q40)^2+(Qoss_Q2*(Vin-Q40)/Vin)*Vin)*Fsw | AF40: =IF(K40>N40/2,0,ABS(K40-N40/2)*Vsd_Q1*Deadtime*Fsw) | AG40: =(AF40+AE40+AD40+AC40*(1+RdsonTopTc*Ta-RdsonTopTc*25))/(1-AC40*RdsonTopTc*ThetaJA_Q1) | AH40: =SQRT((1-M40))*SQRT(K40^2+(N40^2)/12) | AI40: =Rdson2*AH40^2 | AJ40: =IF(K40<N40/2,Deadtime*Fsw*IF(VfdSky_Q2>0,0,Vsd_Q2)*(K40+N40/2),2*Deadtime*Fsw*IF(VfdSky_Q2>0,0,Vsd_Q2)*K40) | AK40: =(AJ40+AI40*(1+RdsonBotTc*Ta-RdsonBotTc*25))/(1-AI40*RdsonBotTc*ThetaJA_Q2) | AL40: =2*Deadtime*Fsw*IF(VfdSky_Q2>0,VfdSky_Q2,Vsd_Q2)*K40 | AM40: =IF(QrrSky_Q2>0,QrrSky_Q2,Qrr_Q2*K40/(Iout/Number_of_Phases))*Fsw*Vin | AN40: =Rs*R40^2 | AO40: =Iq*Vin | AP40: =IF(Ext_VCC=1, (Qg_Q1+Qg_Q2)*Fsw*VCC, (Qg_Q1+Qg_Q2)*Fsw*Vin) | AQ40: =(Vin-VCC)*Fsw*(Qg_Q1+Qg_Q2)+(RdsonDRT+RdsonDRT2)*Fsw*Qg_Q1*VCC/(RdsonDRT+2*Rgate1+RdsonDRT2)+(RdsonDRB+RdsonDRB2)*Fsw*Qg_Q2*VCC/(RdsonDRB+2*Rgate2+RdsonDRB2) | AR40: =(Qg_Q1+Qg_Q2)*Fsw*(Vin-VCC) | AS40: =SUM(AO40:AP40) | AT40: =SUM(U40,X40,AA40,AG40,AK40,AL40,AM40,AS40,AN40) | AU40: =Vout*K40 | AV40: =AU40/(AU40+AT40) | AW40: =ThetaJA_Q1*BC40 | AX40: =ThetaJA_Q2*BD40 | AZ40: =AV40*100 | BA40: =U40 | BB40: =AG40+AK40+AM40 | BC40: =AG40+AM40*0.66 | BD40: =AK40+AM40*0.33 | BE40: =AN40
A41: QgsTop | B41: =Qgs_Q1*1000000000 | C41: nC | G41: 32 | H41: =Vin | I41: =MODE | J41: =Iout*G41/100 | K41: =Iout*G41/100/Number_of_Phases | L41: =Vout*K41/(Vin*Efficiency) | M41: =(Vout+(Rdson2+Rs+Rdcr)*K41)/(Vin+(Rs+Rdson2-Rdson1)*K41) | N41: =(Vin-(Rdson1+Rdcr)*K41-Vout)*M41/(Fsw*Lf) | O41: =K41+N41/2 | P41: =K41-N41/2 | Q41: =IF(MIN(Vin, -P41/(Coss_Q1+Coss_Q2)*0.00000002)<0, 0, MIN(Vin, -P41/(Coss_Q1+Coss_Q2)*0.00000002)) | R41: =SQRT(K41^2+(N41^2)/12) | S41: =R41^2*Rdcr | T41: =Core_Loss_Ch1 | U41: =(T41+S41*(1+Ltc*(Ta-25)))/(1-S41*Ltc*ThetaCa) | V41: =N41/SQRT(12) | W41: =RCoutEsr*V41^2 | X41: =W41 | Y41: =SQRT(M41*(1-M41))*SQRT(K41^2+(N41^2)/12) | Z41: =RCinEsr*Y41^2 | AA41: =Z41 | AB41: =SQRT(M41)*SQRT(K41^2+(N41^2)/12) | AC41: =Rdson1*AB41^2 | AD41: =(Vin*K41/2)*Fsw*(Tr_buck+Tf_buck) | AE41: =(0.5*Coss_Q1*(Vin-Q41)^2-0.5*Coss_Q2*(Vin-Q41)^2+(Qoss_Q2*(Vin-Q41)/Vin)*Vin)*Fsw | AF41: =IF(K41>N41/2,0,ABS(K41-N41/2)*Vsd_Q1*Deadtime*Fsw) | AG41: =(AF41+AE41+AD41+AC41*(1+RdsonTopTc*Ta-RdsonTopTc*25))/(1-AC41*RdsonTopTc*ThetaJA_Q1) | AH41: =SQRT((1-M41))*SQRT(K41^2+(N41^2)/12) | AI41: =Rdson2*AH41^2 | AJ41: =IF(K41<N41/2,Deadtime*Fsw*IF(VfdSky_Q2>0,0,Vsd_Q2)*(K41+N41/2),2*Deadtime*Fsw*IF(VfdSky_Q2>0,0,Vsd_Q2)*K41) | AK41: =(AJ41+AI41*(1+RdsonBotTc*Ta-RdsonBotTc*25))/(1-AI41*RdsonBotTc*ThetaJA_Q2) | AL41: =2*Deadtime*Fsw*IF(VfdSky_Q2>0,VfdSky_Q2,Vsd_Q2)*K41 | AM41: =IF(QrrSky_Q2>0,QrrSky_Q2,Qrr_Q2*K41/(Iout/Number_of_Phases))*Fsw*Vin | AN41: =Rs*R41^2 | AO41: =Iq*Vin | AP41: =IF(Ext_VCC=1, (Qg_Q1+Qg_Q2)*Fsw*VCC, (Qg_Q1+Qg_Q2)*Fsw*Vin) | AQ41: =(Vin-VCC)*Fsw*(Qg_Q1+Qg_Q2)+(RdsonDRT+RdsonDRT2)*Fsw*Qg_Q1*VCC/(RdsonDRT+2*Rgate1+RdsonDRT2)+(RdsonDRB+RdsonDRB2)*Fsw*Qg_Q2*VCC/(RdsonDRB+2*Rgate2+RdsonDRB2) | AR41: =(Qg_Q1+Qg_Q2)*Fsw*(Vin-VCC) | AS41: =SUM(AO41:AP41) | AT41: =SUM(U41,X41,AA41,AG41,AK41,AL41,AM41,AS41,AN41) | AU41: =Vout*K41 | AV41: =AU41/(AU41+AT41) | AW41: =ThetaJA_Q1*BC41 | AX41: =ThetaJA_Q2*BD41 | AZ41: =AV41*100 | BA41: =U41 | BB41: =AG41+AK41+AM41 | BC41: =AG41+AM41*0.66 | BD41: =AK41+AM41*0.33 | BE41: =AN41
A42: RGateTop | B42: =Rgate1 | C42: W | D42: Gate Resistance | G42: 33 | H42: =Vin | I42: =MODE | J42: =Iout*G42/100 | K42: =Iout*G42/100/Number_of_Phases | L42: =Vout*K42/(Vin*Efficiency) | M42: =(Vout+(Rdson2+Rs+Rdcr)*K42)/(Vin+(Rs+Rdson2-Rdson1)*K42) | N42: =(Vin-(Rdson1+Rdcr)*K42-Vout)*M42/(Fsw*Lf) | O42: =K42+N42/2 | P42: =K42-N42/2 | Q42: =IF(MIN(Vin, -P42/(Coss_Q1+Coss_Q2)*0.00000002)<0, 0, MIN(Vin, -P42/(Coss_Q1+Coss_Q2)*0.00000002)) | R42: =SQRT(K42^2+(N42^2)/12) | S42: =R42^2*Rdcr | T42: =Core_Loss_Ch1 | U42: =(T42+S42*(1+Ltc*(Ta-25)))/(1-S42*Ltc*ThetaCa) | V42: =N42/SQRT(12) | W42: =RCoutEsr*V42^2 | X42: =W42 | Y42: =SQRT(M42*(1-M42))*SQRT(K42^2+(N42^2)/12) | Z42: =RCinEsr*Y42^2 | AA42: =Z42 | AB42: =SQRT(M42)*SQRT(K42^2+(N42^2)/12) | AC42: =Rdson1*AB42^2 | AD42: =(Vin*K42/2)*Fsw*(Tr_buck+Tf_buck) | AE42: =(0.5*Coss_Q1*(Vin-Q42)^2-0.5*Coss_Q2*(Vin-Q42)^2+(Qoss_Q2*(Vin-Q42)/Vin)*Vin)*Fsw | AF42: =IF(K42>N42/2,0,ABS(K42-N42/2)*Vsd_Q1*Deadtime*Fsw) | AG42: =(AF42+AE42+AD42+AC42*(1+RdsonTopTc*Ta-RdsonTopTc*25))/(1-AC42*RdsonTopTc*ThetaJA_Q1) | AH42: =SQRT((1-M42))*SQRT(K42^2+(N42^2)/12) | AI42: =Rdson2*AH42^2 | AJ42: =IF(K42<N42/2,Deadtime*Fsw*IF(VfdSky_Q2>0,0,Vsd_Q2)*(K42+N42/2),2*Deadtime*Fsw*IF(VfdSky_Q2>0,0,Vsd_Q2)*K42) | AK42: =(AJ42+AI42*(1+RdsonBotTc*Ta-RdsonBotTc*25))/(1-AI42*RdsonBotTc*ThetaJA_Q2) | AL42: =2*Deadtime*Fsw*IF(VfdSky_Q2>0,VfdSky_Q2,Vsd_Q2)*K42 | AM42: =IF(QrrSky_Q2>0,QrrSky_Q2,Qrr_Q2*K42/(Iout/Number_of_Phases))*Fsw*Vin | AN42: =Rs*R42^2 | AO42: =Iq*Vin | AP42: =IF(Ext_VCC=1, (Qg_Q1+Qg_Q2)*Fsw*VCC, (Qg_Q1+Qg_Q2)*Fsw*Vin) | AQ42: =(Vin-VCC)*Fsw*(Qg_Q1+Qg_Q2)+(RdsonDRT+RdsonDRT2)*Fsw*Qg_Q1*VCC/(RdsonDRT+2*Rgate1+RdsonDRT2)+(RdsonDRB+RdsonDRB2)*Fsw*Qg_Q2*VCC/(RdsonDRB+2*Rgate2+RdsonDRB2) | AR42: =(Qg_Q1+Qg_Q2)*Fsw*(Vin-VCC) | AS42: =SUM(AO42:AP42) | AT42: =SUM(U42,X42,AA42,AG42,AK42,AL42,AM42,AS42,AN42) | AU42: =Vout*K42 | AV42: =AU42/(AU42+AT42) | AW42: =ThetaJA_Q1*BC42 | AX42: =ThetaJA_Q2*BD42 | AZ42: =AV42*100 | BA42: =U42 | BB42: =AG42+AK42+AM42 | BC42: =AG42+AM42*0.66 | BD42: =AK42+AM42*0.33 | BE42: =AN42
A43: GfsTop | B43: =Gfs_Q1 | C43: S | D43: Transconductance of Top FET | G43: 34 | H43: =Vin | I43: =MODE | J43: =Iout*G43/100 | K43: =Iout*G43/100/Number_of_Phases | L43: =Vout*K43/(Vin*Efficiency) | M43: =(Vout+(Rdson2+Rs+Rdcr)*K43)/(Vin+(Rs+Rdson2-Rdson1)*K43) | N43: =(Vin-(Rdson1+Rdcr)*K43-Vout)*M43/(Fsw*Lf) | O43: =K43+N43/2 | P43: =K43-N43/2 | Q43: =IF(MIN(Vin, -P43/(Coss_Q1+Coss_Q2)*0.00000002)<0, 0, MIN(Vin, -P43/(Coss_Q1+Coss_Q2)*0.00000002)) | R43: =SQRT(K43^2+(N43^2)/12) | S43: =R43^2*Rdcr | T43: =Core_Loss_Ch1 | U43: =(T43+S43*(1+Ltc*(Ta-25)))/(1-S43*Ltc*ThetaCa) | V43: =N43/SQRT(12) | W43: =RCoutEsr*V43^2 | X43: =W43 | Y43: =SQRT(M43*(1-M43))*SQRT(K43^2+(N43^2)/12) | Z43: =RCinEsr*Y43^2 | AA43: =Z43 | AB43: =SQRT(M43)*SQRT(K43^2+(N43^2)/12) | AC43: =Rdson1*AB43^2 | AD43: =(Vin*K43/2)*Fsw*(Tr_buck+Tf_buck) | AE43: =(0.5*Coss_Q1*(Vin-Q43)^2-0.5*Coss_Q2*(Vin-Q43)^2+(Qoss_Q2*(Vin-Q43)/Vin)*Vin)*Fsw | AF43: =IF(K43>N43/2,0,ABS(K43-N43/2)*Vsd_Q1*Deadtime*Fsw) | AG43: =(AF43+AE43+AD43+AC43*(1+RdsonTopTc*Ta-RdsonTopTc*25))/(1-AC43*RdsonTopTc*ThetaJA_Q1) | AH43: =SQRT((1-M43))*SQRT(K43^2+(N43^2)/12) | AI43: =Rdson2*AH43^2 | AJ43: =IF(K43<N43/2,Deadtime*Fsw*IF(VfdSky_Q2>0,0,Vsd_Q2)*(K43+N43/2),2*Deadtime*Fsw*IF(VfdSky_Q2>0,0,Vsd_Q2)*K43) | AK43: =(AJ43+AI43*(1+RdsonBotTc*Ta-RdsonBotTc*25))/(1-AI43*RdsonBotTc*ThetaJA_Q2) | AL43: =2*Deadtime*Fsw*IF(VfdSky_Q2>0,VfdSky_Q2,Vsd_Q2)*K43 | AM43: =IF(QrrSky_Q2>0,QrrSky_Q2,Qrr_Q2*K43/(Iout/Number_of_Phases))*Fsw*Vin | AN43: =Rs*R43^2 | AO43: =Iq*Vin | AP43: =IF(Ext_VCC=1, (Qg_Q1+Qg_Q2)*Fsw*VCC, (Qg_Q1+Qg_Q2)*Fsw*Vin) | AQ43: =(Vin-VCC)*Fsw*(Qg_Q1+Qg_Q2)+(RdsonDRT+RdsonDRT2)*Fsw*Qg_Q1*VCC/(RdsonDRT+2*Rgate1+RdsonDRT2)+(RdsonDRB+RdsonDRB2)*Fsw*Qg_Q2*VCC/(RdsonDRB+2*Rgate2+RdsonDRB2) | AR43: =(Qg_Q1+Qg_Q2)*Fsw*(Vin-VCC) | AS43: =SUM(AO43:AP43) | AT43: =SUM(U43,X43,AA43,AG43,AK43,AL43,AM43,AS43,AN43) | AU43: =Vout*K43 | AV43: =AU43/(AU43+AT43) | AW43: =ThetaJA_Q1*BC43 | AX43: =ThetaJA_Q2*BD43 | AZ43: =AV43*100 | BA43: =U43 | BB43: =AG43+AK43+AM43 | BC43: =AG43+AM43*0.66 | BD43: =AK43+AM43*0.33 | BE43: =AN43
A44: VthTop | B44: =Vth_Q1 | C44: V | D44: Threshold Voltage of Top FET | G44: 35 | H44: =Vin | I44: =MODE | J44: =Iout*G44/100 | K44: =Iout*G44/100/Number_of_Phases | L44: =Vout*K44/(Vin*Efficiency) | M44: =(Vout+(Rdson2+Rs+Rdcr)*K44)/(Vin+(Rs+Rdson2-Rdson1)*K44) | N44: =(Vin-(Rdson1+Rdcr)*K44-Vout)*M44/(Fsw*Lf) | O44: =K44+N44/2 | P44: =K44-N44/2 | Q44: =IF(MIN(Vin, -P44/(Coss_Q1+Coss_Q2)*0.00000002)<0, 0, MIN(Vin, -P44/(Coss_Q1+Coss_Q2)*0.00000002)) | R44: =SQRT(K44^2+(N44^2)/12) | S44: =R44^2*Rdcr | T44: =Core_Loss_Ch1 | U44: =(T44+S44*(1+Ltc*(Ta-25)))/(1-S44*Ltc*ThetaCa) | V44: =N44/SQRT(12) | W44: =RCoutEsr*V44^2 | X44: =W44 | Y44: =SQRT(M44*(1-M44))*SQRT(K44^2+(N44^2)/12) | Z44: =RCinEsr*Y44^2 | AA44: =Z44 | AB44: =SQRT(M44)*SQRT(K44^2+(N44^2)/12) | AC44: =Rdson1*AB44^2 | AD44: =(Vin*K44/2)*Fsw*(Tr_buck+Tf_buck) | AE44: =(0.5*Coss_Q1*(Vin-Q44)^2-0.5*Coss_Q2*(Vin-Q44)^2+(Qoss_Q2*(Vin-Q44)/Vin)*Vin)*Fsw | AF44: =IF(K44>N44/2,0,ABS(K44-N44/2)*Vsd_Q1*Deadtime*Fsw) | AG44: =(AF44+AE44+AD44+AC44*(1+RdsonTopTc*Ta-RdsonTopTc*25))/(1-AC44*RdsonTopTc*ThetaJA_Q1) | AH44: =SQRT((1-M44))*SQRT(K44^2+(N44^2)/12) | AI44: =Rdson2*AH44^2 | AJ44: =IF(K44<N44/2,Deadtime*Fsw*IF(VfdSky_Q2>0,0,Vsd_Q2)*(K44+N44/2),2*Deadtime*Fsw*IF(VfdSky_Q2>0,0,Vsd_Q2)*K44) | AK44: =(AJ44+AI44*(1+RdsonBotTc*Ta-RdsonBotTc*25))/(1-AI44*RdsonBotTc*ThetaJA_Q2) | AL44: =2*Deadtime*Fsw*IF(VfdSky_Q2>0,VfdSky_Q2,Vsd_Q2)*K44 | AM44: =IF(QrrSky_Q2>0,QrrSky_Q2,Qrr_Q2*K44/(Iout/Number_of_Phases))*Fsw*Vin | AN44: =Rs*R44^2 | AO44: =Iq*Vin | AP44: =IF(Ext_VCC=1, (Qg_Q1+Qg_Q2)*Fsw*VCC, (Qg_Q1+Qg_Q2)*Fsw*Vin) | AQ44: =(Vin-VCC)*Fsw*(Qg_Q1+Qg_Q2)+(RdsonDRT+RdsonDRT2)*Fsw*Qg_Q1*VCC/(RdsonDRT+2*Rgate1+RdsonDRT2)+(RdsonDRB+RdsonDRB2)*Fsw*Qg_Q2*VCC/(RdsonDRB+2*Rgate2+RdsonDRB2) | AR44: =(Qg_Q1+Qg_Q2)*Fsw*(Vin-VCC) | AS44: =SUM(AO44:AP44) | AT44: =SUM(U44,X44,AA44,AG44,AK44,AL44,AM44,AS44,AN44) | AU44: =Vout*K44 | AV44: =AU44/(AU44+AT44) | AW44: =ThetaJA_Q1*BC44 | AX44: =ThetaJA_Q2*BD44 | AZ44: =AV44*100 | BA44: =U44 | BB44: =AG44+AK44+AM44 | BC44: =AG44+AM44*0.66 | BD44: =AK44+AM44*0.33 | BE44: =AN44
A45: VspTop | B45: =Vsp_Q1 | C45: V | G45: 36 | H45: =Vin | I45: =MODE | J45: =Iout*G45/100 | K45: =Iout*G45/100/Number_of_Phases | L45: =Vout*K45/(Vin*Efficiency) | M45: =(Vout+(Rdson2+Rs+Rdcr)*K45)/(Vin+(Rs+Rdson2-Rdson1)*K45) | N45: =(Vin-(Rdson1+Rdcr)*K45-Vout)*M45/(Fsw*Lf) | O45: =K45+N45/2 | P45: =K45-N45/2 | Q45: =IF(MIN(Vin, -P45/(Coss_Q1+Coss_Q2)*0.00000002)<0, 0, MIN(Vin, -P45/(Coss_Q1+Coss_Q2)*0.00000002)) | R45: =SQRT(K45^2+(N45^2)/12) | S45: =R45^2*Rdcr | T45: =Core_Loss_Ch1 | U45: =(T45+S45*(1+Ltc*(Ta-25)))/(1-S45*Ltc*ThetaCa) | V45: =N45/SQRT(12) | W45: =RCoutEsr*V45^2 | X45: =W45 | Y45: =SQRT(M45*(1-M45))*SQRT(K45^2+(N45^2)/12) | Z45: =RCinEsr*Y45^2 | AA45: =Z45 | AB45: =SQRT(M45)*SQRT(K45^2+(N45^2)/12) | AC45: =Rdson1*AB45^2 | AD45: =(Vin*K45/2)*Fsw*(Tr_buck+Tf_buck) | AE45: =(0.5*Coss_Q1*(Vin-Q45)^2-0.5*Coss_Q2*(Vin-Q45)^2+(Qoss_Q2*(Vin-Q45)/Vin)*Vin)*Fsw | AF45: =IF(K45>N45/2,0,ABS(K45-N45/2)*Vsd_Q1*Deadtime*Fsw) | AG45: =(AF45+AE45+AD45+AC45*(1+RdsonTopTc*Ta-RdsonTopTc*25))/(1-AC45*RdsonTopTc*ThetaJA_Q1) | AH45: =SQRT((1-M45))*SQRT(K45^2+(N45^2)/12) | AI45: =Rdson2*AH45^2 | AJ45: =IF(K45<N45/2,Deadtime*Fsw*IF(VfdSky_Q2>0,0,Vsd_Q2)*(K45+N45/2),2*Deadtime*Fsw*IF(VfdSky_Q2>0,0,Vsd_Q2)*K45) | AK45: =(AJ45+AI45*(1+RdsonBotTc*Ta-RdsonBotTc*25))/(1-AI45*RdsonBotTc*ThetaJA_Q2) | AL45: =2*Deadtime*Fsw*IF(VfdSky_Q2>0,VfdSky_Q2,Vsd_Q2)*K45 | AM45: =IF(QrrSky_Q2>0,QrrSky_Q2,Qrr_Q2*K45/(Iout/Number_of_Phases))*Fsw*Vin | AN45: =Rs*R45^2 | AO45: =Iq*Vin | AP45: =IF(Ext_VCC=1, (Qg_Q1+Qg_Q2)*Fsw*VCC, (Qg_Q1+Qg_Q2)*Fsw*Vin) | AQ45: =(Vin-VCC)*Fsw*(Qg_Q1+Qg_Q2)+(RdsonDRT+RdsonDRT2)*Fsw*Qg_Q1*VCC/(RdsonDRT+2*Rgate1+RdsonDRT2)+(RdsonDRB+RdsonDRB2)*Fsw*Qg_Q2*VCC/(RdsonDRB+2*Rgate2+RdsonDRB2) | AR45: =(Qg_Q1+Qg_Q2)*Fsw*(Vin-VCC) | AS45: =SUM(AO45:AP45) | AT45: =SUM(U45,X45,AA45,AG45,AK45,AL45,AM45,AS45,AN45) | AU45: =Vout*K45 | AV45: =AU45/(AU45+AT45) | AW45: =ThetaJA_Q1*BC45 | AX45: =ThetaJA_Q2*BD45 | AZ45: =AV45*100 | BA45: =U45 | BB45: =AG45+AK45+AM45 | BC45: =AG45+AM45*0.66 | BD45: =AK45+AM45*0.33 | BE45: =AN45
A46: VsdTop | B46: =Vsd_Q1 | C46: V | G46: 37 | H46: =Vin | I46: =MODE | J46: =Iout*G46/100 | K46: =Iout*G46/100/Number_of_Phases | L46: =Vout*K46/(Vin*Efficiency) | M46: =(Vout+(Rdson2+Rs+Rdcr)*K46)/(Vin+(Rs+Rdson2-Rdson1)*K46) | N46: =(Vin-(Rdson1+Rdcr)*K46-Vout)*M46/(Fsw*Lf) | O46: =K46+N46/2 | P46: =K46-N46/2 | Q46: =IF(MIN(Vin, -P46/(Coss_Q1+Coss_Q2)*0.00000002)<0, 0, MIN(Vin, -P46/(Coss_Q1+Coss_Q2)*0.00000002)) | R46: =SQRT(K46^2+(N46^2)/12) | S46: =R46^2*Rdcr | T46: =Core_Loss_Ch1 | U46: =(T46+S46*(1+Ltc*(Ta-25)))/(1-S46*Ltc*ThetaCa) | V46: =N46/SQRT(12) | W46: =RCoutEsr*V46^2 | X46: =W46 | Y46: =SQRT(M46*(1-M46))*SQRT(K46^2+(N46^2)/12) | Z46: =RCinEsr*Y46^2 | AA46: =Z46 | AB46: =SQRT(M46)*SQRT(K46^2+(N46^2)/12) | AC46: =Rdson1*AB46^2 | AD46: =(Vin*K46/2)*Fsw*(Tr_buck+Tf_buck) | AE46: =(0.5*Coss_Q1*(Vin-Q46)^2-0.5*Coss_Q2*(Vin-Q46)^2+(Qoss_Q2*(Vin-Q46)/Vin)*Vin)*Fsw | AF46: =IF(K46>N46/2,0,ABS(K46-N46/2)*Vsd_Q1*Deadtime*Fsw) | AG46: =(AF46+AE46+AD46+AC46*(1+RdsonTopTc*Ta-RdsonTopTc*25))/(1-AC46*RdsonTopTc*ThetaJA_Q1) | AH46: =SQRT((1-M46))*SQRT(K46^2+(N46^2)/12) | AI46: =Rdson2*AH46^2 | AJ46: =IF(K46<N46/2,Deadtime*Fsw*IF(VfdSky_Q2>0,0,Vsd_Q2)*(K46+N46/2),2*Deadtime*Fsw*IF(VfdSky_Q2>0,0,Vsd_Q2)*K46) | AK46: =(AJ46+AI46*(1+RdsonBotTc*Ta-RdsonBotTc*25))/(1-AI46*RdsonBotTc*ThetaJA_Q2) | AL46: =2*Deadtime*Fsw*IF(VfdSky_Q2>0,VfdSky_Q2,Vsd_Q2)*K46 | AM46: =IF(QrrSky_Q2>0,QrrSky_Q2,Qrr_Q2*K46/(Iout/Number_of_Phases))*Fsw*Vin | AN46: =Rs*R46^2 | AO46: =Iq*Vin | AP46: =IF(Ext_VCC=1, (Qg_Q1+Qg_Q2)*Fsw*VCC, (Qg_Q1+Qg_Q2)*Fsw*Vin) | AQ46: =(Vin-VCC)*Fsw*(Qg_Q1+Qg_Q2)+(RdsonDRT+RdsonDRT2)*Fsw*Qg_Q1*VCC/(RdsonDRT+2*Rgate1+RdsonDRT2)+(RdsonDRB+RdsonDRB2)*Fsw*Qg_Q2*VCC/(RdsonDRB+2*Rgate2+RdsonDRB2) | AR46: =(Qg_Q1+Qg_Q2)*Fsw*(Vin-VCC) | AS46: =SUM(AO46:AP46) | AT46: =SUM(U46,X46,AA46,AG46,AK46,AL46,AM46,AS46,AN46) | AU46: =Vout*K46 | AV46: =AU46/(AU46+AT46) | AW46: =ThetaJA_Q1*BC46 | AX46: =ThetaJA_Q2*BD46 | AZ46: =AV46*100 | BA46: =U46 | BB46: =AG46+AK46+AM46 | BC46: =AG46+AM46*0.66 | BD46: =AK46+AM46*0.33 | BE46: =AN46
A47: θJATop | B47: =ThetaJA_Q1 | C47: °C/W | D47: Junction to Ambient Resistance | G47: 38 | H47: =Vin | I47: =MODE | J47: =Iout*G47/100 | K47: =Iout*G47/100/Number_of_Phases | L47: =Vout*K47/(Vin*Efficiency) | M47: =(Vout+(Rdson2+Rs+Rdcr)*K47)/(Vin+(Rs+Rdson2-Rdson1)*K47) | N47: =(Vin-(Rdson1+Rdcr)*K47-Vout)*M47/(Fsw*Lf) | O47: =K47+N47/2 | P47: =K47-N47/2 | Q47: =IF(MIN(Vin, -P47/(Coss_Q1+Coss_Q2)*0.00000002)<0, 0, MIN(Vin, -P47/(Coss_Q1+Coss_Q2)*0.00000002)) | R47: =SQRT(K47^2+(N47^2)/12) | S47: =R47^2*Rdcr | T47: =Core_Loss_Ch1 | U47: =(T47+S47*(1+Ltc*(Ta-25)))/(1-S47*Ltc*ThetaCa) | V47: =N47/SQRT(12) | W47: =RCoutEsr*V47^2 | X47: =W47 | Y47: =SQRT(M47*(1-M47))*SQRT(K47^2+(N47^2)/12) | Z47: =RCinEsr*Y47^2 | AA47: =Z47 | AB47: =SQRT(M47)*SQRT(K47^2+(N47^2)/12) | AC47: =Rdson1*AB47^2 | AD47: =(Vin*K47/2)*Fsw*(Tr_buck+Tf_buck) | AE47: =(0.5*Coss_Q1*(Vin-Q47)^2-0.5*Coss_Q2*(Vin-Q47)^2+(Qoss_Q2*(Vin-Q47)/Vin)*Vin)*Fsw | AF47: =IF(K47>N47/2,0,ABS(K47-N47/2)*Vsd_Q1*Deadtime*Fsw) | AG47: =(AF47+AE47+AD47+AC47*(1+RdsonTopTc*Ta-RdsonTopTc*25))/(1-AC47*RdsonTopTc*ThetaJA_Q1) | AH47: =SQRT((1-M47))*SQRT(K47^2+(N47^2)/12) | AI47: =Rdson2*AH47^2 | AJ47: =IF(K47<N47/2,Deadtime*Fsw*IF(VfdSky_Q2>0,0,Vsd_Q2)*(K47+N47/2),2*Deadtime*Fsw*IF(VfdSky_Q2>0,0,Vsd_Q2)*K47) | AK47: =(AJ47+AI47*(1+RdsonBotTc*Ta-RdsonBotTc*25))/(1-AI47*RdsonBotTc*ThetaJA_Q2) | AL47: =2*Deadtime*Fsw*IF(VfdSky_Q2>0,VfdSky_Q2,Vsd_Q2)*K47 | AM47: =IF(QrrSky_Q2>0,QrrSky_Q2,Qrr_Q2*K47/(Iout/Number_of_Phases))*Fsw*Vin | AN47: =Rs*R47^2 | AO47: =Iq*Vin | AP47: =IF(Ext_VCC=1, (Qg_Q1+Qg_Q2)*Fsw*VCC, (Qg_Q1+Qg_Q2)*Fsw*Vin) | AQ47: =(Vin-VCC)*Fsw*(Qg_Q1+Qg_Q2)+(RdsonDRT+RdsonDRT2)*Fsw*Qg_Q1*VCC/(RdsonDRT+2*Rgate1+RdsonDRT2)+(RdsonDRB+RdsonDRB2)*Fsw*Qg_Q2*VCC/(RdsonDRB+2*Rgate2+RdsonDRB2) | AR47: =(Qg_Q1+Qg_Q2)*Fsw*(Vin-VCC) | AS47: =SUM(AO47:AP47) | AT47: =SUM(U47,X47,AA47,AG47,AK47,AL47,AM47,AS47,AN47) | AU47: =Vout*K47 | AV47: =AU47/(AU47+AT47) | AW47: =ThetaJA_Q1*BC47 | AX47: =ThetaJA_Q2*BD47 | AZ47: =AV47*100 | BA47: =U47 | BB47: =AG47+AK47+AM47 | BC47: =AG47+AM47*0.66 | BD47: =AK47+AM47*0.33 | BE47: =AN47
A48: Low-side FET | B48: Input Value | C48: Units | D48: Description | G48: 39 | H48: =Vin | I48: =MODE | J48: =Iout*G48/100 | K48: =Iout*G48/100/Number_of_Phases | L48: =Vout*K48/(Vin*Efficiency) | M48: =(Vout+(Rdson2+Rs+Rdcr)*K48)/(Vin+(Rs+Rdson2-Rdson1)*K48) | N48: =(Vin-(Rdson1+Rdcr)*K48-Vout)*M48/(Fsw*Lf) | O48: =K48+N48/2 | P48: =K48-N48/2 | Q48: =IF(MIN(Vin, -P48/(Coss_Q1+Coss_Q2)*0.00000002)<0, 0, MIN(Vin, -P48/(Coss_Q1+Coss_Q2)*0.00000002)) | R48: =SQRT(K48^2+(N48^2)/12) | S48: =R48^2*Rdcr | T48: =Core_Loss_Ch1 | U48: =(T48+S48*(1+Ltc*(Ta-25)))/(1-S48*Ltc*ThetaCa) | V48: =N48/SQRT(12) | W48: =RCoutEsr*V48^2 | X48: =W48 | Y48: =SQRT(M48*(1-M48))*SQRT(K48^2+(N48^2)/12) | Z48: =RCinEsr*Y48^2 | AA48: =Z48 | AB48: =SQRT(M48)*SQRT(K48^2+(N48^2)/12) | AC48: =Rdson1*AB48^2 | AD48: =(Vin*K48/2)*Fsw*(Tr_buck+Tf_buck) | AE48: =(0.5*Coss_Q1*(Vin-Q48)^2-0.5*Coss_Q2*(Vin-Q48)^2+(Qoss_Q2*(Vin-Q48)/Vin)*Vin)*Fsw | AF48: =IF(K48>N48/2,0,ABS(K48-N48/2)*Vsd_Q1*Deadtime*Fsw) | AG48: =(AF48+AE48+AD48+AC48*(1+RdsonTopTc*Ta-RdsonTopTc*25))/(1-AC48*RdsonTopTc*ThetaJA_Q1) | AH48: =SQRT((1-M48))*SQRT(K48^2+(N48^2)/12) | AI48: =Rdson2*AH48^2 | AJ48: =IF(K48<N48/2,Deadtime*Fsw*IF(VfdSky_Q2>0,0,Vsd_Q2)*(K48+N48/2),2*Deadtime*Fsw*IF(VfdSky_Q2>0,0,Vsd_Q2)*K48) | AK48: =(AJ48+AI48*(1+RdsonBotTc*Ta-RdsonBotTc*25))/(1-AI48*RdsonBotTc*ThetaJA_Q2) | AL48: =2*Deadtime*Fsw*IF(VfdSky_Q2>0,VfdSky_Q2,Vsd_Q2)*K48 | AM48: =IF(QrrSky_Q2>0,QrrSky_Q2,Qrr_Q2*K48/(Iout/Number_of_Phases))*Fsw*Vin | AN48: =Rs*R48^2 | AO48: =Iq*Vin | AP48: =IF(Ext_VCC=1, (Qg_Q1+Qg_Q2)*Fsw*VCC, (Qg_Q1+Qg_Q2)*Fsw*Vin) | AQ48: =(Vin-VCC)*Fsw*(Qg_Q1+Qg_Q2)+(RdsonDRT+RdsonDRT2)*Fsw*Qg_Q1*VCC/(RdsonDRT+2*Rgate1+RdsonDRT2)+(RdsonDRB+RdsonDRB2)*Fsw*Qg_Q2*VCC/(RdsonDRB+2*Rgate2+RdsonDRB2) | AR48: =(Qg_Q1+Qg_Q2)*Fsw*(Vin-VCC) | AS48: =SUM(AO48:AP48) | AT48: =SUM(U48,X48,AA48,AG48,AK48,AL48,AM48,AS48,AN48) | AU48: =Vout*K48 | AV48: =AU48/(AU48+AT48) | AW48: =ThetaJA_Q1*BC48 | AX48: =ThetaJA_Q2*BD48 | AZ48: =AV48*100 | BA48: =U48 | BB48: =AG48+AK48+AM48 | BC48: =AG48+AM48*0.66 | BD48: =AK48+AM48*0.33 | BE48: =AN48
A49: RdsonBot | B49: =Rdson2*1000 | C49: mW | D49: Drain-Source Resistance of Low-side FET | G49: 40 | H49: =Vin | I49: =MODE | J49: =Iout*G49/100 | K49: =Iout*G49/100/Number_of_Phases | L49: =Vout*K49/(Vin*Efficiency) | M49: =(Vout+(Rdson2+Rs+Rdcr)*K49)/(Vin+(Rs+Rdson2-Rdson1)*K49) | N49: =(Vin-(Rdson1+Rdcr)*K49-Vout)*M49/(Fsw*Lf) | O49: =K49+N49/2 | P49: =K49-N49/2 | Q49: =IF(MIN(Vin, -P49/(Coss_Q1+Coss_Q2)*0.00000002)<0, 0, MIN(Vin, -P49/(Coss_Q1+Coss_Q2)*0.00000002)) | R49: =SQRT(K49^2+(N49^2)/12) | S49: =R49^2*Rdcr | T49: =Core_Loss_Ch1 | U49: =(T49+S49*(1+Ltc*(Ta-25)))/(1-S49*Ltc*ThetaCa) | V49: =N49/SQRT(12) | W49: =RCoutEsr*V49^2 | X49: =W49 | Y49: =SQRT(M49*(1-M49))*SQRT(K49^2+(N49^2)/12) | Z49: =RCinEsr*Y49^2 | AA49: =Z49 | AB49: =SQRT(M49)*SQRT(K49^2+(N49^2)/12) | AC49: =Rdson1*AB49^2 | AD49: =(Vin*K49/2)*Fsw*(Tr_buck+Tf_buck) | AE49: =(0.5*Coss_Q1*(Vin-Q49)^2-0.5*Coss_Q2*(Vin-Q49)^2+(Qoss_Q2*(Vin-Q49)/Vin)*Vin)*Fsw | AF49: =IF(K49>N49/2,0,ABS(K49-N49/2)*Vsd_Q1*Deadtime*Fsw) | AG49: =(AF49+AE49+AD49+AC49*(1+RdsonTopTc*Ta-RdsonTopTc*25))/(1-AC49*RdsonTopTc*ThetaJA_Q1) | AH49: =SQRT((1-M49))*SQRT(K49^2+(N49^2)/12) | AI49: =Rdson2*AH49^2 | AJ49: =IF(K49<N49/2,Deadtime*Fsw*IF(VfdSky_Q2>0,0,Vsd_Q2)*(K49+N49/2),2*Deadtime*Fsw*IF(VfdSky_Q2>0,0,Vsd_Q2)*K49) | AK49: =(AJ49+AI49*(1+RdsonBotTc*Ta-RdsonBotTc*25))/(1-AI49*RdsonBotTc*ThetaJA_Q2) | AL49: =2*Deadtime*Fsw*IF(VfdSky_Q2>0,VfdSky_Q2,Vsd_Q2)*K49 | AM49: =IF(QrrSky_Q2>0,QrrSky_Q2,Qrr_Q2*K49/(Iout/Number_of_Phases))*Fsw*Vin | AN49: =Rs*R49^2 | AO49: =Iq*Vin | AP49: =IF(Ext_VCC=1, (Qg_Q1+Qg_Q2)*Fsw*VCC, (Qg_Q1+Qg_Q2)*Fsw*Vin) | AQ49: =(Vin-VCC)*Fsw*(Qg_Q1+Qg_Q2)+(RdsonDRT+RdsonDRT2)*Fsw*Qg_Q1*VCC/(RdsonDRT+2*Rgate1+RdsonDRT2)+(RdsonDRB+RdsonDRB2)*Fsw*Qg_Q2*VCC/(RdsonDRB+2*Rgate2+RdsonDRB2) | AR49: =(Qg_Q1+Qg_Q2)*Fsw*(Vin-VCC) | AS49: =SUM(AO49:AP49) | AT49: =SUM(U49,X49,AA49,AG49,AK49,AL49,AM49,AS49,AN49) | AU49: =Vout*K49 | AV49: =AU49/(AU49+AT49) | AW49: =ThetaJA_Q1*BC49 | AX49: =ThetaJA_Q2*BD49 | AZ49: =AV49*100 | BA49: =U49 | BB49: =AG49+AK49+AM49 | BC49: =AG49+AM49*0.66 | BD49: =AK49+AM49*0.33 | BE49: =AN49
A50: RdsonBotTc | B50: =RdsonBotTc*1000000 | C50: ppm | D50: Drain To Source Resitance Temp Co | G50: 41 | H50: =Vin | I50: =MODE | J50: =Iout*G50/100 | K50: =Iout*G50/100/Number_of_Phases | L50: =Vout*K50/(Vin*Efficiency) | M50: =(Vout+(Rdson2+Rs+Rdcr)*K50)/(Vin+(Rs+Rdson2-Rdson1)*K50) | N50: =(Vin-(Rdson1+Rdcr)*K50-Vout)*M50/(Fsw*Lf) | O50: =K50+N50/2 | P50: =K50-N50/2 | Q50: =IF(MIN(Vin, -P50/(Coss_Q1+Coss_Q2)*0.00000002)<0, 0, MIN(Vin, -P50/(Coss_Q1+Coss_Q2)*0.00000002)) | R50: =SQRT(K50^2+(N50^2)/12) | S50: =R50^2*Rdcr | T50: =Core_Loss_Ch1 | U50: =(T50+S50*(1+Ltc*(Ta-25)))/(1-S50*Ltc*ThetaCa) | V50: =N50/SQRT(12) | W50: =RCoutEsr*V50^2 | X50: =W50 | Y50: =SQRT(M50*(1-M50))*SQRT(K50^2+(N50^2)/12) | Z50: =RCinEsr*Y50^2 | AA50: =Z50 | AB50: =SQRT(M50)*SQRT(K50^2+(N50^2)/12) | AC50: =Rdson1*AB50^2 | AD50: =(Vin*K50/2)*Fsw*(Tr_buck+Tf_buck) | AE50: =(0.5*Coss_Q1*(Vin-Q50)^2-0.5*Coss_Q2*(Vin-Q50)^2+(Qoss_Q2*(Vin-Q50)/Vin)*Vin)*Fsw | AF50: =IF(K50>N50/2,0,ABS(K50-N50/2)*Vsd_Q1*Deadtime*Fsw) | AG50: =(AF50+AE50+AD50+AC50*(1+RdsonTopTc*Ta-RdsonTopTc*25))/(1-AC50*RdsonTopTc*ThetaJA_Q1) | AH50: =SQRT((1-M50))*SQRT(K50^2+(N50^2)/12) | AI50: =Rdson2*AH50^2 | AJ50: =IF(K50<N50/2,Deadtime*Fsw*IF(VfdSky_Q2>0,0,Vsd_Q2)*(K50+N50/2),2*Deadtime*Fsw*IF(VfdSky_Q2>0,0,Vsd_Q2)*K50) | AK50: =(AJ50+AI50*(1+RdsonBotTc*Ta-RdsonBotTc*25))/(1-AI50*RdsonBotTc*ThetaJA_Q2) | AL50: =2*Deadtime*Fsw*IF(VfdSky_Q2>0,VfdSky_Q2,Vsd_Q2)*K50 | AM50: =IF(QrrSky_Q2>0,QrrSky_Q2,Qrr_Q2*K50/(Iout/Number_of_Phases))*Fsw*Vin | AN50: =Rs*R50^2 | AO50: =Iq*Vin | AP50: =IF(Ext_VCC=1, (Qg_Q1+Qg_Q2)*Fsw*VCC, (Qg_Q1+Qg_Q2)*Fsw*Vin) | AQ50: =(Vin-VCC)*Fsw*(Qg_Q1+Qg_Q2)+(RdsonDRT+RdsonDRT2)*Fsw*Qg_Q1*VCC/(RdsonDRT+2*Rgate1+RdsonDRT2)+(RdsonDRB+RdsonDRB2)*Fsw*Qg_Q2*VCC/(RdsonDRB+2*Rgate2+RdsonDRB2) | AR50: =(Qg_Q1+Qg_Q2)*Fsw*(Vin-VCC) | AS50: =SUM(AO50:AP50) | AT50: =SUM(U50,X50,AA50,AG50,AK50,AL50,AM50,AS50,AN50) | AU50: =Vout*K50 | AV50: =AU50/(AU50+AT50) | AW50: =ThetaJA_Q1*BC50 | AX50: =ThetaJA_Q2*BD50 | AZ50: =AV50*100 | BA50: =U50 | BB50: =AG50+AK50+AM50 | BC50: =AG50+AM50*0.66 | BD50: =AK50+AM50*0.33 | BE50: =AN50
A51: QgBot | B51: =Qg_Q2*1000000000 | C51: nC | D51: Gate Charge Of Top FET | G51: 42 | H51: =Vin | I51: =MODE | J51: =Iout*G51/100 | K51: =Iout*G51/100/Number_of_Phases | L51: =Vout*K51/(Vin*Efficiency) | M51: =(Vout+(Rdson2+Rs+Rdcr)*K51)/(Vin+(Rs+Rdson2-Rdson1)*K51) | N51: =(Vin-(Rdson1+Rdcr)*K51-Vout)*M51/(Fsw*Lf) | O51: =K51+N51/2 | P51: =K51-N51/2 | Q51: =IF(MIN(Vin, -P51/(Coss_Q1+Coss_Q2)*0.00000002)<0, 0, MIN(Vin, -P51/(Coss_Q1+Coss_Q2)*0.00000002)) | R51: =SQRT(K51^2+(N51^2)/12) | S51: =R51^2*Rdcr | T51: =Core_Loss_Ch1 | U51: =(T51+S51*(1+Ltc*(Ta-25)))/(1-S51*Ltc*ThetaCa) | V51: =N51/SQRT(12) | W51: =RCoutEsr*V51^2 | X51: =W51 | Y51: =SQRT(M51*(1-M51))*SQRT(K51^2+(N51^2)/12) | Z51: =RCinEsr*Y51^2 | AA51: =Z51 | AB51: =SQRT(M51)*SQRT(K51^2+(N51^2)/12) | AC51: =Rdson1*AB51^2 | AD51: =(Vin*K51/2)*Fsw*(Tr_buck+Tf_buck) | AE51: =(0.5*Coss_Q1*(Vin-Q51)^2-0.5*Coss_Q2*(Vin-Q51)^2+(Qoss_Q2*(Vin-Q51)/Vin)*Vin)*Fsw | AF51: =IF(K51>N51/2,0,ABS(K51-N51/2)*Vsd_Q1*Deadtime*Fsw) | AG51: =(AF51+AE51+AD51+AC51*(1+RdsonTopTc*Ta-RdsonTopTc*25))/(1-AC51*RdsonTopTc*ThetaJA_Q1) | AH51: =SQRT((1-M51))*SQRT(K51^2+(N51^2)/12) | AI51: =Rdson2*AH51^2 | AJ51: =IF(K51<N51/2,Deadtime*Fsw*IF(VfdSky_Q2>0,0,Vsd_Q2)*(K51+N51/2),2*Deadtime*Fsw*IF(VfdSky_Q2>0,0,Vsd_Q2)*K51) | AK51: =(AJ51+AI51*(1+RdsonBotTc*Ta-RdsonBotTc*25))/(1-AI51*RdsonBotTc*ThetaJA_Q2) | AL51: =2*Deadtime*Fsw*IF(VfdSky_Q2>0,VfdSky_Q2,Vsd_Q2)*K51 | AM51: =IF(QrrSky_Q2>0,QrrSky_Q2,Qrr_Q2*K51/(Iout/Number_of_Phases))*Fsw*Vin | AN51: =Rs*R51^2 | AO51: =Iq*Vin | AP51: =IF(Ext_VCC=1, (Qg_Q1+Qg_Q2)*Fsw*VCC, (Qg_Q1+Qg_Q2)*Fsw*Vin) | AQ51: =(Vin-VCC)*Fsw*(Qg_Q1+Qg_Q2)+(RdsonDRT+RdsonDRT2)*Fsw*Qg_Q1*VCC/(RdsonDRT+2*Rgate1+RdsonDRT2)+(RdsonDRB+RdsonDRB2)*Fsw*Qg_Q2*VCC/(RdsonDRB+2*Rgate2+RdsonDRB2) | AR51: =(Qg_Q1+Qg_Q2)*Fsw*(Vin-VCC) | AS51: =SUM(AO51:AP51) | AT51: =SUM(U51,X51,AA51,AG51,AK51,AL51,AM51,AS51,AN51) | AU51: =Vout*K51 | AV51: =AU51/(AU51+AT51) | AW51: =ThetaJA_Q1*BC51 | AX51: =ThetaJA_Q2*BD51 | AZ51: =AV51*100 | BA51: =U51 | BB51: =AG51+AK51+AM51 | BC51: =AG51+AM51*0.66 | BD51: =AK51+AM51*0.33 | BE51: =AN51
A52: RGateBot | B52: =Rgate2 | C52: W | D52: Gate Resistance | G52: 43 | H52: =Vin | I52: =MODE | J52: =Iout*G52/100 | K52: =Iout*G52/100/Number_of_Phases | L52: =Vout*K52/(Vin*Efficiency) | M52: =(Vout+(Rdson2+Rs+Rdcr)*K52)/(Vin+(Rs+Rdson2-Rdson1)*K52) | N52: =(Vin-(Rdson1+Rdcr)*K52-Vout)*M52/(Fsw*Lf) | O52: =K52+N52/2 | P52: =K52-N52/2 | Q52: =IF(MIN(Vin, -P52/(Coss_Q1+Coss_Q2)*0.00000002)<0, 0, MIN(Vin, -P52/(Coss_Q1+Coss_Q2)*0.00000002)) | R52: =SQRT(K52^2+(N52^2)/12) | S52: =R52^2*Rdcr | T52: =Core_Loss_Ch1 | U52: =(T52+S52*(1+Ltc*(Ta-25)))/(1-S52*Ltc*ThetaCa) | V52: =N52/SQRT(12) | W52: =RCoutEsr*V52^2 | X52: =W52 | Y52: =SQRT(M52*(1-M52))*SQRT(K52^2+(N52^2)/12) | Z52: =RCinEsr*Y52^2 | AA52: =Z52 | AB52: =SQRT(M52)*SQRT(K52^2+(N52^2)/12) | AC52: =Rdson1*AB52^2 | AD52: =(Vin*K52/2)*Fsw*(Tr_buck+Tf_buck) | AE52: =(0.5*Coss_Q1*(Vin-Q52)^2-0.5*Coss_Q2*(Vin-Q52)^2+(Qoss_Q2*(Vin-Q52)/Vin)*Vin)*Fsw | AF52: =IF(K52>N52/2,0,ABS(K52-N52/2)*Vsd_Q1*Deadtime*Fsw) | AG52: =(AF52+AE52+AD52+AC52*(1+RdsonTopTc*Ta-RdsonTopTc*25))/(1-AC52*RdsonTopTc*ThetaJA_Q1) | AH52: =SQRT((1-M52))*SQRT(K52^2+(N52^2)/12) | AI52: =Rdson2*AH52^2 | AJ52: =IF(K52<N52/2,Deadtime*Fsw*IF(VfdSky_Q2>0,0,Vsd_Q2)*(K52+N52/2),2*Deadtime*Fsw*IF(VfdSky_Q2>0,0,Vsd_Q2)*K52) | AK52: =(AJ52+AI52*(1+RdsonBotTc*Ta-RdsonBotTc*25))/(1-AI52*RdsonBotTc*ThetaJA_Q2) | AL52: =2*Deadtime*Fsw*IF(VfdSky_Q2>0,VfdSky_Q2,Vsd_Q2)*K52 | AM52: =IF(QrrSky_Q2>0,QrrSky_Q2,Qrr_Q2*K52/(Iout/Number_of_Phases))*Fsw*Vin | AN52: =Rs*R52^2 | AO52: =Iq*Vin | AP52: =IF(Ext_VCC=1, (Qg_Q1+Qg_Q2)*Fsw*VCC, (Qg_Q1+Qg_Q2)*Fsw*Vin) | AQ52: =(Vin-VCC)*Fsw*(Qg_Q1+Qg_Q2)+(RdsonDRT+RdsonDRT2)*Fsw*Qg_Q1*VCC/(RdsonDRT+2*Rgate1+RdsonDRT2)+(RdsonDRB+RdsonDRB2)*Fsw*Qg_Q2*VCC/(RdsonDRB+2*Rgate2+RdsonDRB2) | AR52: =(Qg_Q1+Qg_Q2)*Fsw*(Vin-VCC) | AS52: =SUM(AO52:AP52) | AT52: =SUM(U52,X52,AA52,AG52,AK52,AL52,AM52,AS52,AN52) | AU52: =Vout*K52 | AV52: =AU52/(AU52+AT52) | AW52: =ThetaJA_Q1*BC52 | AX52: =ThetaJA_Q2*BD52 | AZ52: =AV52*100 | BA52: =U52 | BB52: =AG52+AK52+AM52 | BC52: =AG52+AM52*0.66 | BD52: =AK52+AM52*0.33 | BE52: =AN52
A53: VsdBot | B53: =Vsd_Q2 | C53: V | D53: Diode Forward Voltage of Bottom FET Body Diode | G53: 44 | H53: =Vin | I53: =MODE | J53: =Iout*G53/100 | K53: =Iout*G53/100/Number_of_Phases | L53: =Vout*K53/(Vin*Efficiency) | M53: =(Vout+(Rdson2+Rs+Rdcr)*K53)/(Vin+(Rs+Rdson2-Rdson1)*K53) | N53: =(Vin-(Rdson1+Rdcr)*K53-Vout)*M53/(Fsw*Lf) | O53: =K53+N53/2 | P53: =K53-N53/2 | Q53: =IF(MIN(Vin, -P53/(Coss_Q1+Coss_Q2)*0.00000002)<0, 0, MIN(Vin, -P53/(Coss_Q1+Coss_Q2)*0.00000002)) | R53: =SQRT(K53^2+(N53^2)/12) | S53: =R53^2*Rdcr | T53: =Core_Loss_Ch1 | U53: =(T53+S53*(1+Ltc*(Ta-25)))/(1-S53*Ltc*ThetaCa) | V53: =N53/SQRT(12) | W53: =RCoutEsr*V53^2 | X53: =W53 | Y53: =SQRT(M53*(1-M53))*SQRT(K53^2+(N53^2)/12) | Z53: =RCinEsr*Y53^2 | AA53: =Z53 | AB53: =SQRT(M53)*SQRT(K53^2+(N53^2)/12) | AC53: =Rdson1*AB53^2 | AD53: =(Vin*K53/2)*Fsw*(Tr_buck+Tf_buck) | AE53: =(0.5*Coss_Q1*(Vin-Q53)^2-0.5*Coss_Q2*(Vin-Q53)^2+(Qoss_Q2*(Vin-Q53)/Vin)*Vin)*Fsw | AF53: =IF(K53>N53/2,0,ABS(K53-N53/2)*Vsd_Q1*Deadtime*Fsw) | AG53: =(AF53+AE53+AD53+AC53*(1+RdsonTopTc*Ta-RdsonTopTc*25))/(1-AC53*RdsonTopTc*ThetaJA_Q1) | AH53: =SQRT((1-M53))*SQRT(K53^2+(N53^2)/12) | AI53: =Rdson2*AH53^2 | AJ53: =IF(K53<N53/2,Deadtime*Fsw*IF(VfdSky_Q2>0,0,Vsd_Q2)*(K53+N53/2),2*Deadtime*Fsw*IF(VfdSky_Q2>0,0,Vsd_Q2)*K53) | AK53: =(AJ53+AI53*(1+RdsonBotTc*Ta-RdsonBotTc*25))/(1-AI53*RdsonBotTc*ThetaJA_Q2) | AL53: =2*Deadtime*Fsw*IF(VfdSky_Q2>0,VfdSky_Q2,Vsd_Q2)*K53 | AM53: =IF(QrrSky_Q2>0,QrrSky_Q2,Qrr_Q2*K53/(Iout/Number_of_Phases))*Fsw*Vin | AN53: =Rs*R53^2 | AO53: =Iq*Vin | AP53: =IF(Ext_VCC=1, (Qg_Q1+Qg_Q2)*Fsw*VCC, (Qg_Q1+Qg_Q2)*Fsw*Vin) | AQ53: =(Vin-VCC)*Fsw*(Qg_Q1+Qg_Q2)+(RdsonDRT+RdsonDRT2)*Fsw*Qg_Q1*VCC/(RdsonDRT+2*Rgate1+RdsonDRT2)+(RdsonDRB+RdsonDRB2)*Fsw*Qg_Q2*VCC/(RdsonDRB+2*Rgate2+RdsonDRB2) | AR53: =(Qg_Q1+Qg_Q2)*Fsw*(Vin-VCC) | AS53: =SUM(AO53:AP53) | AT53: =SUM(U53,X53,AA53,AG53,AK53,AL53,AM53,AS53,AN53) | AU53: =Vout*K53 | AV53: =AU53/(AU53+AT53) | AW53: =ThetaJA_Q1*BC53 | AX53: =ThetaJA_Q2*BD53 | AZ53: =AV53*100 | BA53: =U53 | BB53: =AG53+AK53+AM53 | BC53: =AG53+AM53*0.66 | BD53: =AK53+AM53*0.33 | BE53: =AN53
A54: QrrBot | B54: =Qrr_Q2*1000000000 | C54: nC | D54: Reverse Recovery Charge of Body Diode | G54: 45 | H54: =Vin | I54: =MODE | J54: =Iout*G54/100 | K54: =Iout*G54/100/Number_of_Phases | L54: =Vout*K54/(Vin*Efficiency) | M54: =(Vout+(Rdson2+Rs+Rdcr)*K54)/(Vin+(Rs+Rdson2-Rdson1)*K54) | N54: =(Vin-(Rdson1+Rdcr)*K54-Vout)*M54/(Fsw*Lf) | O54: =K54+N54/2 | P54: =K54-N54/2 | Q54: =IF(MIN(Vin, -P54/(Coss_Q1+Coss_Q2)*0.00000002)<0, 0, MIN(Vin, -P54/(Coss_Q1+Coss_Q2)*0.00000002)) | R54: =SQRT(K54^2+(N54^2)/12) | S54: =R54^2*Rdcr | T54: =Core_Loss_Ch1 | U54: =(T54+S54*(1+Ltc*(Ta-25)))/(1-S54*Ltc*ThetaCa) | V54: =N54/SQRT(12) | W54: =RCoutEsr*V54^2 | X54: =W54 | Y54: =SQRT(M54*(1-M54))*SQRT(K54^2+(N54^2)/12) | Z54: =RCinEsr*Y54^2 | AA54: =Z54 | AB54: =SQRT(M54)*SQRT(K54^2+(N54^2)/12) | AC54: =Rdson1*AB54^2 | AD54: =(Vin*K54/2)*Fsw*(Tr_buck+Tf_buck) | AE54: =(0.5*Coss_Q1*(Vin-Q54)^2-0.5*Coss_Q2*(Vin-Q54)^2+(Qoss_Q2*(Vin-Q54)/Vin)*Vin)*Fsw | AF54: =IF(K54>N54/2,0,ABS(K54-N54/2)*Vsd_Q1*Deadtime*Fsw) | AG54: =(AF54+AE54+AD54+AC54*(1+RdsonTopTc*Ta-RdsonTopTc*25))/(1-AC54*RdsonTopTc*ThetaJA_Q1) | AH54: =SQRT((1-M54))*SQRT(K54^2+(N54^2)/12) | AI54: =Rdson2*AH54^2 | AJ54: =IF(K54<N54/2,Deadtime*Fsw*IF(VfdSky_Q2>0,0,Vsd_Q2)*(K54+N54/2),2*Deadtime*Fsw*IF(VfdSky_Q2>0,0,Vsd_Q2)*K54) | AK54: =(AJ54+AI54*(1+RdsonBotTc*Ta-RdsonBotTc*25))/(1-AI54*RdsonBotTc*ThetaJA_Q2) | AL54: =2*Deadtime*Fsw*IF(VfdSky_Q2>0,VfdSky_Q2,Vsd_Q2)*K54 | AM54: =IF(QrrSky_Q2>0,QrrSky_Q2,Qrr_Q2*K54/(Iout/Number_of_Phases))*Fsw*Vin | AN54: =Rs*R54^2 | AO54: =Iq*Vin | AP54: =IF(Ext_VCC=1, (Qg_Q1+Qg_Q2)*Fsw*VCC, (Qg_Q1+Qg_Q2)*Fsw*Vin) | AQ54: =(Vin-VCC)*Fsw*(Qg_Q1+Qg_Q2)+(RdsonDRT+RdsonDRT2)*Fsw*Qg_Q1*VCC/(RdsonDRT+2*Rgate1+RdsonDRT2)+(RdsonDRB+RdsonDRB2)*Fsw*Qg_Q2*VCC/(RdsonDRB+2*Rgate2+RdsonDRB2) | AR54: =(Qg_Q1+Qg_Q2)*Fsw*(Vin-VCC) | AS54: =SUM(AO54:AP54) | AT54: =SUM(U54,X54,AA54,AG54,AK54,AL54,AM54,AS54,AN54) | AU54: =Vout*K54 | AV54: =AU54/(AU54+AT54) | AW54: =ThetaJA_Q1*BC54 | AX54: =ThetaJA_Q2*BD54 | AZ54: =AV54*100 | BA54: =U54 | BB54: =AG54+AK54+AM54 | BC54: =AG54+AM54*0.66 | BD54: =AK54+AM54*0.33 | BE54: =AN54
A55: TrrBot | B55: =Trr_Q2*1000000000 | C55: ns | D55: Reverse Recovery Time of Body Diode | G55: 46 | H55: =Vin | I55: =MODE | J55: =Iout*G55/100 | K55: =Iout*G55/100/Number_of_Phases | L55: =Vout*K55/(Vin*Efficiency) | M55: =(Vout+(Rdson2+Rs+Rdcr)*K55)/(Vin+(Rs+Rdson2-Rdson1)*K55) | N55: =(Vin-(Rdson1+Rdcr)*K55-Vout)*M55/(Fsw*Lf) | O55: =K55+N55/2 | P55: =K55-N55/2 | Q55: =IF(MIN(Vin, -P55/(Coss_Q1+Coss_Q2)*0.00000002)<0, 0, MIN(Vin, -P55/(Coss_Q1+Coss_Q2)*0.00000002)) | R55: =SQRT(K55^2+(N55^2)/12) | S55: =R55^2*Rdcr | T55: =Core_Loss_Ch1 | U55: =(T55+S55*(1+Ltc*(Ta-25)))/(1-S55*Ltc*ThetaCa) | V55: =N55/SQRT(12) | W55: =RCoutEsr*V55^2 | X55: =W55 | Y55: =SQRT(M55*(1-M55))*SQRT(K55^2+(N55^2)/12) | Z55: =RCinEsr*Y55^2 | AA55: =Z55 | AB55: =SQRT(M55)*SQRT(K55^2+(N55^2)/12) | AC55: =Rdson1*AB55^2 | AD55: =(Vin*K55/2)*Fsw*(Tr_buck+Tf_buck) | AE55: =(0.5*Coss_Q1*(Vin-Q55)^2-0.5*Coss_Q2*(Vin-Q55)^2+(Qoss_Q2*(Vin-Q55)/Vin)*Vin)*Fsw | AF55: =IF(K55>N55/2,0,ABS(K55-N55/2)*Vsd_Q1*Deadtime*Fsw) | AG55: =(AF55+AE55+AD55+AC55*(1+RdsonTopTc*Ta-RdsonTopTc*25))/(1-AC55*RdsonTopTc*ThetaJA_Q1) | AH55: =SQRT((1-M55))*SQRT(K55^2+(N55^2)/12) | AI55: =Rdson2*AH55^2 | AJ55: =IF(K55<N55/2,Deadtime*Fsw*IF(VfdSky_Q2>0,0,Vsd_Q2)*(K55+N55/2),2*Deadtime*Fsw*IF(VfdSky_Q2>0,0,Vsd_Q2)*K55) | AK55: =(AJ55+AI55*(1+RdsonBotTc*Ta-RdsonBotTc*25))/(1-AI55*RdsonBotTc*ThetaJA_Q2) | AL55: =2*Deadtime*Fsw*IF(VfdSky_Q2>0,VfdSky_Q2,Vsd_Q2)*K55 | AM55: =IF(QrrSky_Q2>0,QrrSky_Q2,Qrr_Q2*K55/(Iout/Number_of_Phases))*Fsw*Vin | AN55: =Rs*R55^2 | AO55: =Iq*Vin | AP55: =IF(Ext_VCC=1, (Qg_Q1+Qg_Q2)*Fsw*VCC, (Qg_Q1+Qg_Q2)*Fsw*Vin) | AQ55: =(Vin-VCC)*Fsw*(Qg_Q1+Qg_Q2)+(RdsonDRT+RdsonDRT2)*Fsw*Qg_Q1*VCC/(RdsonDRT+2*Rgate1+RdsonDRT2)+(RdsonDRB+RdsonDRB2)*Fsw*Qg_Q2*VCC/(RdsonDRB+2*Rgate2+RdsonDRB2) | AR55: =(Qg_Q1+Qg_Q2)*Fsw*(Vin-VCC) | AS55: =SUM(AO55:AP55) | AT55: =SUM(U55,X55,AA55,AG55,AK55,AL55,AM55,AS55,AN55) | AU55: =Vout*K55 | AV55: =AU55/(AU55+AT55) | AW55: =ThetaJA_Q1*BC55 | AX55: =ThetaJA_Q2*BD55 | AZ55: =AV55*100 | BA55: =U55 | BB55: =AG55+AK55+AM55 | BC55: =AG55+AM55*0.66 | BD55: =AK55+AM55*0.33 | BE55: =AN55
A56: θJABot | B56: =ThetaJA_Q2 | C56: °C/W | D56: Junction to Ambient Resistance | G56: 47 | H56: =Vin | I56: =MODE | J56: =Iout*G56/100 | K56: =Iout*G56/100/Number_of_Phases | L56: =Vout*K56/(Vin*Efficiency) | M56: =(Vout+(Rdson2+Rs+Rdcr)*K56)/(Vin+(Rs+Rdson2-Rdson1)*K56) | N56: =(Vin-(Rdson1+Rdcr)*K56-Vout)*M56/(Fsw*Lf) | O56: =K56+N56/2 | P56: =K56-N56/2 | Q56: =IF(MIN(Vin, -P56/(Coss_Q1+Coss_Q2)*0.00000002)<0, 0, MIN(Vin, -P56/(Coss_Q1+Coss_Q2)*0.00000002)) | R56: =SQRT(K56^2+(N56^2)/12) | S56: =R56^2*Rdcr | T56: =Core_Loss_Ch1 | U56: =(T56+S56*(1+Ltc*(Ta-25)))/(1-S56*Ltc*ThetaCa) | V56: =N56/SQRT(12) | W56: =RCoutEsr*V56^2 | X56: =W56 | Y56: =SQRT(M56*(1-M56))*SQRT(K56^2+(N56^2)/12) | Z56: =RCinEsr*Y56^2 | AA56: =Z56 | AB56: =SQRT(M56)*SQRT(K56^2+(N56^2)/12) | AC56: =Rdson1*AB56^2 | AD56: =(Vin*K56/2)*Fsw*(Tr_buck+Tf_buck) | AE56: =(0.5*Coss_Q1*(Vin-Q56)^2-0.5*Coss_Q2*(Vin-Q56)^2+(Qoss_Q2*(Vin-Q56)/Vin)*Vin)*Fsw | AF56: =IF(K56>N56/2,0,ABS(K56-N56/2)*Vsd_Q1*Deadtime*Fsw) | AG56: =(AF56+AE56+AD56+AC56*(1+RdsonTopTc*Ta-RdsonTopTc*25))/(1-AC56*RdsonTopTc*ThetaJA_Q1) | AH56: =SQRT((1-M56))*SQRT(K56^2+(N56^2)/12) | AI56: =Rdson2*AH56^2 | AJ56: =IF(K56<N56/2,Deadtime*Fsw*IF(VfdSky_Q2>0,0,Vsd_Q2)*(K56+N56/2),2*Deadtime*Fsw*IF(VfdSky_Q2>0,0,Vsd_Q2)*K56) | AK56: =(AJ56+AI56*(1+RdsonBotTc*Ta-RdsonBotTc*25))/(1-AI56*RdsonBotTc*ThetaJA_Q2) | AL56: =2*Deadtime*Fsw*IF(VfdSky_Q2>0,VfdSky_Q2,Vsd_Q2)*K56 | AM56: =IF(QrrSky_Q2>0,QrrSky_Q2,Qrr_Q2*K56/(Iout/Number_of_Phases))*Fsw*Vin | AN56: =Rs*R56^2 | AO56: =Iq*Vin | AP56: =IF(Ext_VCC=1, (Qg_Q1+Qg_Q2)*Fsw*VCC, (Qg_Q1+Qg_Q2)*Fsw*Vin) | AQ56: =(Vin-VCC)*Fsw*(Qg_Q1+Qg_Q2)+(RdsonDRT+RdsonDRT2)*Fsw*Qg_Q1*VCC/(RdsonDRT+2*Rgate1+RdsonDRT2)+(RdsonDRB+RdsonDRB2)*Fsw*Qg_Q2*VCC/(RdsonDRB+2*Rgate2+RdsonDRB2) | AR56: =(Qg_Q1+Qg_Q2)*Fsw*(Vin-VCC) | AS56: =SUM(AO56:AP56) | AT56: =SUM(U56,X56,AA56,AG56,AK56,AL56,AM56,AS56,AN56) | AU56: =Vout*K56 | AV56: =AU56/(AU56+AT56) | AW56: =ThetaJA_Q1*BC56 | AX56: =ThetaJA_Q2*BD56 | AZ56: =AV56*100 | BA56: =U56 | BB56: =AG56+AK56+AM56 | BC56: =AG56+AM56*0.66 | BD56: =AK56+AM56*0.33 | BE56: =AN56
A57: Bottom Schottky | B57: Input Value | C57: Units | D57: Std Units | G57: 48 | H57: =Vin | I57: =MODE | J57: =Iout*G57/100 | K57: =Iout*G57/100/Number_of_Phases | L57: =Vout*K57/(Vin*Efficiency) | M57: =(Vout+(Rdson2+Rs+Rdcr)*K57)/(Vin+(Rs+Rdson2-Rdson1)*K57) | N57: =(Vin-(Rdson1+Rdcr)*K57-Vout)*M57/(Fsw*Lf) | O57: =K57+N57/2 | P57: =K57-N57/2 | Q57: =IF(MIN(Vin, -P57/(Coss_Q1+Coss_Q2)*0.00000002)<0, 0, MIN(Vin, -P57/(Coss_Q1+Coss_Q2)*0.00000002)) | R57: =SQRT(K57^2+(N57^2)/12) | S57: =R57^2*Rdcr | T57: =Core_Loss_Ch1 | U57: =(T57+S57*(1+Ltc*(Ta-25)))/(1-S57*Ltc*ThetaCa) | V57: =N57/SQRT(12) | W57: =RCoutEsr*V57^2 | X57: =W57 | Y57: =SQRT(M57*(1-M57))*SQRT(K57^2+(N57^2)/12) | Z57: =RCinEsr*Y57^2 | AA57: =Z57 | AB57: =SQRT(M57)*SQRT(K57^2+(N57^2)/12) | AC57: =Rdson1*AB57^2 | AD57: =(Vin*K57/2)*Fsw*(Tr_buck+Tf_buck) | AE57: =(0.5*Coss_Q1*(Vin-Q57)^2-0.5*Coss_Q2*(Vin-Q57)^2+(Qoss_Q2*(Vin-Q57)/Vin)*Vin)*Fsw | AF57: =IF(K57>N57/2,0,ABS(K57-N57/2)*Vsd_Q1*Deadtime*Fsw) | AG57: =(AF57+AE57+AD57+AC57*(1+RdsonTopTc*Ta-RdsonTopTc*25))/(1-AC57*RdsonTopTc*ThetaJA_Q1) | AH57: =SQRT((1-M57))*SQRT(K57^2+(N57^2)/12) | AI57: =Rdson2*AH57^2 | AJ57: =IF(K57<N57/2,Deadtime*Fsw*IF(VfdSky_Q2>0,0,Vsd_Q2)*(K57+N57/2),2*Deadtime*Fsw*IF(VfdSky_Q2>0,0,Vsd_Q2)*K57) | AK57: =(AJ57+AI57*(1+RdsonBotTc*Ta-RdsonBotTc*25))/(1-AI57*RdsonBotTc*ThetaJA_Q2) | AL57: =2*Deadtime*Fsw*IF(VfdSky_Q2>0,VfdSky_Q2,Vsd_Q2)*K57 | AM57: =IF(QrrSky_Q2>0,QrrSky_Q2,Qrr_Q2*K57/(Iout/Number_of_Phases))*Fsw*Vin | AN57: =Rs*R57^2 | AO57: =Iq*Vin | AP57: =IF(Ext_VCC=1, (Qg_Q1+Qg_Q2)*Fsw*VCC, (Qg_Q1+Qg_Q2)*Fsw*Vin) | AQ57: =(Vin-VCC)*Fsw*(Qg_Q1+Qg_Q2)+(RdsonDRT+RdsonDRT2)*Fsw*Qg_Q1*VCC/(RdsonDRT+2*Rgate1+RdsonDRT2)+(RdsonDRB+RdsonDRB2)*Fsw*Qg_Q2*VCC/(RdsonDRB+2*Rgate2+RdsonDRB2) | AR57: =(Qg_Q1+Qg_Q2)*Fsw*(Vin-VCC) | AS57: =SUM(AO57:AP57) | AT57: =SUM(U57,X57,AA57,AG57,AK57,AL57,AM57,AS57,AN57) | AU57: =Vout*K57 | AV57: =AU57/(AU57+AT57) | AW57: =ThetaJA_Q1*BC57 | AX57: =ThetaJA_Q2*BD57 | AZ57: =AV57*100 | BA57: =U57 | BB57: =AG57+AK57+AM57 | BC57: =AG57+AM57*0.66 | BD57: =AK57+AM57*0.33 | BE57: =AN57
A58: VfdSky | B58: =VfdSky_Q2 | C58: V | D58: Diode Forward Voltage | G58: 49 | H58: =Vin | I58: =MODE | J58: =Iout*G58/100 | K58: =Iout*G58/100/Number_of_Phases | L58: =Vout*K58/(Vin*Efficiency) | M58: =(Vout+(Rdson2+Rs+Rdcr)*K58)/(Vin+(Rs+Rdson2-Rdson1)*K58) | N58: =(Vin-(Rdson1+Rdcr)*K58-Vout)*M58/(Fsw*Lf) | O58: =K58+N58/2 | P58: =K58-N58/2 | Q58: =IF(MIN(Vin, -P58/(Coss_Q1+Coss_Q2)*0.00000002)<0, 0, MIN(Vin, -P58/(Coss_Q1+Coss_Q2)*0.00000002)) | R58: =SQRT(K58^2+(N58^2)/12) | S58: =R58^2*Rdcr | T58: =Core_Loss_Ch1 | U58: =(T58+S58*(1+Ltc*(Ta-25)))/(1-S58*Ltc*ThetaCa) | V58: =N58/SQRT(12) | W58: =RCoutEsr*V58^2 | X58: =W58 | Y58: =SQRT(M58*(1-M58))*SQRT(K58^2+(N58^2)/12) | Z58: =RCinEsr*Y58^2 | AA58: =Z58 | AB58: =SQRT(M58)*SQRT(K58^2+(N58^2)/12) | AC58: =Rdson1*AB58^2 | AD58: =(Vin*K58/2)*Fsw*(Tr_buck+Tf_buck) | AE58: =(0.5*Coss_Q1*(Vin-Q58)^2-0.5*Coss_Q2*(Vin-Q58)^2+(Qoss_Q2*(Vin-Q58)/Vin)*Vin)*Fsw | AF58: =IF(K58>N58/2,0,ABS(K58-N58/2)*Vsd_Q1*Deadtime*Fsw) | AG58: =(AF58+AE58+AD58+AC58*(1+RdsonTopTc*Ta-RdsonTopTc*25))/(1-AC58*RdsonTopTc*ThetaJA_Q1) | AH58: =SQRT((1-M58))*SQRT(K58^2+(N58^2)/12) | AI58: =Rdson2*AH58^2 | AJ58: =IF(K58<N58/2,Deadtime*Fsw*IF(VfdSky_Q2>0,0,Vsd_Q2)*(K58+N58/2),2*Deadtime*Fsw*IF(VfdSky_Q2>0,0,Vsd_Q2)*K58) | AK58: =(AJ58+AI58*(1+RdsonBotTc*Ta-RdsonBotTc*25))/(1-AI58*RdsonBotTc*ThetaJA_Q2) | AL58: =2*Deadtime*Fsw*IF(VfdSky_Q2>0,VfdSky_Q2,Vsd_Q2)*K58 | AM58: =IF(QrrSky_Q2>0,QrrSky_Q2,Qrr_Q2*K58/(Iout/Number_of_Phases))*Fsw*Vin | AN58: =Rs*R58^2 | AO58: =Iq*Vin | AP58: =IF(Ext_VCC=1, (Qg_Q1+Qg_Q2)*Fsw*VCC, (Qg_Q1+Qg_Q2)*Fsw*Vin) | AQ58: =(Vin-VCC)*Fsw*(Qg_Q1+Qg_Q2)+(RdsonDRT+RdsonDRT2)*Fsw*Qg_Q1*VCC/(RdsonDRT+2*Rgate1+RdsonDRT2)+(RdsonDRB+RdsonDRB2)*Fsw*Qg_Q2*VCC/(RdsonDRB+2*Rgate2+RdsonDRB2) | AR58: =(Qg_Q1+Qg_Q2)*Fsw*(Vin-VCC) | AS58: =SUM(AO58:AP58) | AT58: =SUM(U58,X58,AA58,AG58,AK58,AL58,AM58,AS58,AN58) | AU58: =Vout*K58 | AV58: =AU58/(AU58+AT58) | AW58: =ThetaJA_Q1*BC58 | AX58: =ThetaJA_Q2*BD58 | AZ58: =AV58*100 | BA58: =U58 | BB58: =AG58+AK58+AM58 | BC58: =AG58+AM58*0.66 | BD58: =AK58+AM58*0.33 | BE58: =AN58
A59: QrrSky | B59: =QrrSky_Q2*1000000000 | C59: nC | D59: Diode Reverse Recovery Charge | G59: 50 | H59: =Vin | I59: =MODE | J59: =Iout*G59/100 | K59: =Iout*G59/100/Number_of_Phases | L59: =Vout*K59/(Vin*Efficiency) | M59: =(Vout+(Rdson2+Rs+Rdcr)*K59)/(Vin+(Rs+Rdson2-Rdson1)*K59) | N59: =(Vin-(Rdson1+Rdcr)*K59-Vout)*M59/(Fsw*Lf) | O59: =K59+N59/2 | P59: =K59-N59/2 | Q59: =IF(MIN(Vin, -P59/(Coss_Q1+Coss_Q2)*0.00000002)<0, 0, MIN(Vin, -P59/(Coss_Q1+Coss_Q2)*0.00000002)) | R59: =SQRT(K59^2+(N59^2)/12) | S59: =R59^2*Rdcr | T59: =Core_Loss_Ch1 | U59: =(T59+S59*(1+Ltc*(Ta-25)))/(1-S59*Ltc*ThetaCa) | V59: =N59/SQRT(12) | W59: =RCoutEsr*V59^2 | X59: =W59 | Y59: =SQRT(M59*(1-M59))*SQRT(K59^2+(N59^2)/12) | Z59: =RCinEsr*Y59^2 | AA59: =Z59 | AB59: =SQRT(M59)*SQRT(K59^2+(N59^2)/12) | AC59: =Rdson1*AB59^2 | AD59: =(Vin*K59/2)*Fsw*(Tr_buck+Tf_buck) | AE59: =(0.5*Coss_Q1*(Vin-Q59)^2-0.5*Coss_Q2*(Vin-Q59)^2+(Qoss_Q2*(Vin-Q59)/Vin)*Vin)*Fsw | AF59: =IF(K59>N59/2,0,ABS(K59-N59/2)*Vsd_Q1*Deadtime*Fsw) | AG59: =(AF59+AE59+AD59+AC59*(1+RdsonTopTc*Ta-RdsonTopTc*25))/(1-AC59*RdsonTopTc*ThetaJA_Q1) | AH59: =SQRT((1-M59))*SQRT(K59^2+(N59^2)/12) | AI59: =Rdson2*AH59^2 | AJ59: =IF(K59<N59/2,Deadtime*Fsw*IF(VfdSky_Q2>0,0,Vsd_Q2)*(K59+N59/2),2*Deadtime*Fsw*IF(VfdSky_Q2>0,0,Vsd_Q2)*K59) | AK59: =(AJ59+AI59*(1+RdsonBotTc*Ta-RdsonBotTc*25))/(1-AI59*RdsonBotTc*ThetaJA_Q2) | AL59: =2*Deadtime*Fsw*IF(VfdSky_Q2>0,VfdSky_Q2,Vsd_Q2)*K59 | AM59: =IF(QrrSky_Q2>0,QrrSky_Q2,Qrr_Q2*K59/(Iout/Number_of_Phases))*Fsw*Vin | AN59: =Rs*R59^2 | AO59: =Iq*Vin | AP59: =IF(Ext_VCC=1, (Qg_Q1+Qg_Q2)*Fsw*VCC, (Qg_Q1+Qg_Q2)*Fsw*Vin) | AQ59: =(Vin-VCC)*Fsw*(Qg_Q1+Qg_Q2)+(RdsonDRT+RdsonDRT2)*Fsw*Qg_Q1*VCC/(RdsonDRT+2*Rgate1+RdsonDRT2)+(RdsonDRB+RdsonDRB2)*Fsw*Qg_Q2*VCC/(RdsonDRB+2*Rgate2+RdsonDRB2) | AR59: =(Qg_Q1+Qg_Q2)*Fsw*(Vin-VCC) | AS59: =SUM(AO59:AP59) | AT59: =SUM(U59,X59,AA59,AG59,AK59,AL59,AM59,AS59,AN59) | AU59: =Vout*K59 | AV59: =AU59/(AU59+AT59) | AW59: =ThetaJA_Q1*BC59 | AX59: =ThetaJA_Q2*BD59 | AZ59: =AV59*100 | BA59: =U59 | BB59: =AG59+AK59+AM59 | BC59: =AG59+AM59*0.66 | BD59: =AK59+AM59*0.33 | BE59: =AN59
A60: Ireverse | B60: =Ireverse | C60: mA | D60: Reverse Leakage Current | G60: 51 | H60: =Vin | I60: =MODE | J60: =Iout*G60/100 | K60: =Iout*G60/100/Number_of_Phases | L60: =Vout*K60/(Vin*Efficiency) | M60: =(Vout+(Rdson2+Rs+Rdcr)*K60)/(Vin+(Rs+Rdson2-Rdson1)*K60) | N60: =(Vin-(Rdson1+Rdcr)*K60-Vout)*M60/(Fsw*Lf) | O60: =K60+N60/2 | P60: =K60-N60/2 | Q60: =IF(MIN(Vin, -P60/(Coss_Q1+Coss_Q2)*0.00000002)<0, 0, MIN(Vin, -P60/(Coss_Q1+Coss_Q2)*0.00000002)) | R60: =SQRT(K60^2+(N60^2)/12) | S60: =R60^2*Rdcr | T60: =Core_Loss_Ch1 | U60: =(T60+S60*(1+Ltc*(Ta-25)))/(1-S60*Ltc*ThetaCa) | V60: =N60/SQRT(12) | W60: =RCoutEsr*V60^2 | X60: =W60 | Y60: =SQRT(M60*(1-M60))*SQRT(K60^2+(N60^2)/12) | Z60: =RCinEsr*Y60^2 | AA60: =Z60 | AB60: =SQRT(M60)*SQRT(K60^2+(N60^2)/12) | AC60: =Rdson1*AB60^2 | AD60: =(Vin*K60/2)*Fsw*(Tr_buck+Tf_buck) | AE60: =(0.5*Coss_Q1*(Vin-Q60)^2-0.5*Coss_Q2*(Vin-Q60)^2+(Qoss_Q2*(Vin-Q60)/Vin)*Vin)*Fsw | AF60: =IF(K60>N60/2,0,ABS(K60-N60/2)*Vsd_Q1*Deadtime*Fsw) | AG60: =(AF60+AE60+AD60+AC60*(1+RdsonTopTc*Ta-RdsonTopTc*25))/(1-AC60*RdsonTopTc*ThetaJA_Q1) | AH60: =SQRT((1-M60))*SQRT(K60^2+(N60^2)/12) | AI60: =Rdson2*AH60^2 | AJ60: =IF(K60<N60/2,Deadtime*Fsw*IF(VfdSky_Q2>0,0,Vsd_Q2)*(K60+N60/2),2*Deadtime*Fsw*IF(VfdSky_Q2>0,0,Vsd_Q2)*K60) | AK60: =(AJ60+AI60*(1+RdsonBotTc*Ta-RdsonBotTc*25))/(1-AI60*RdsonBotTc*ThetaJA_Q2) | AL60: =2*Deadtime*Fsw*IF(VfdSky_Q2>0,VfdSky_Q2,Vsd_Q2)*K60 | AM60: =IF(QrrSky_Q2>0,QrrSky_Q2,Qrr_Q2*K60/(Iout/Number_of_Phases))*Fsw*Vin | AN60: =Rs*R60^2 | AO60: =Iq*Vin | AP60: =IF(Ext_VCC=1, (Qg_Q1+Qg_Q2)*Fsw*VCC, (Qg_Q1+Qg_Q2)*Fsw*Vin) | AQ60: =(Vin-VCC)*Fsw*(Qg_Q1+Qg_Q2)+(RdsonDRT+RdsonDRT2)*Fsw*Qg_Q1*VCC/(RdsonDRT+2*Rgate1+RdsonDRT2)+(RdsonDRB+RdsonDRB2)*Fsw*Qg_Q2*VCC/(RdsonDRB+2*Rgate2+RdsonDRB2) | AR60: =(Qg_Q1+Qg_Q2)*Fsw*(Vin-VCC) | AS60: =SUM(AO60:AP60) | AT60: =SUM(U60,X60,AA60,AG60,AK60,AL60,AM60,AS60,AN60) | AU60: =Vout*K60 | AV60: =AU60/(AU60+AT60) | AW60: =ThetaJA_Q1*BC60 | AX60: =ThetaJA_Q2*BD60 | AZ60: =AV60*100 | BA60: =U60 | BB60: =AG60+AK60+AM60 | BC60: =AG60+AM60*0.66 | BD60: =AK60+AM60*0.33 | BE60: =AN60
A61: Controller | B61: Input Value | C61: Units | D61: Std Units | G61: 52 | H61: =Vin | I61: =MODE | J61: =Iout*G61/100 | K61: =Iout*G61/100/Number_of_Phases | L61: =Vout*K61/(Vin*Efficiency) | M61: =(Vout+(Rdson2+Rs+Rdcr)*K61)/(Vin+(Rs+Rdson2-Rdson1)*K61) | N61: =(Vin-(Rdson1+Rdcr)*K61-Vout)*M61/(Fsw*Lf) | O61: =K61+N61/2 | P61: =K61-N61/2 | Q61: =IF(MIN(Vin, -P61/(Coss_Q1+Coss_Q2)*0.00000002)<0, 0, MIN(Vin, -P61/(Coss_Q1+Coss_Q2)*0.00000002)) | R61: =SQRT(K61^2+(N61^2)/12) | S61: =R61^2*Rdcr | T61: =Core_Loss_Ch1 | U61: =(T61+S61*(1+Ltc*(Ta-25)))/(1-S61*Ltc*ThetaCa) | V61: =N61/SQRT(12) | W61: =RCoutEsr*V61^2 | X61: =W61 | Y61: =SQRT(M61*(1-M61))*SQRT(K61^2+(N61^2)/12) | Z61: =RCinEsr*Y61^2 | AA61: =Z61 | AB61: =SQRT(M61)*SQRT(K61^2+(N61^2)/12) | AC61: =Rdson1*AB61^2 | AD61: =(Vin*K61/2)*Fsw*(Tr_buck+Tf_buck) | AE61: =(0.5*Coss_Q1*(Vin-Q61)^2-0.5*Coss_Q2*(Vin-Q61)^2+(Qoss_Q2*(Vin-Q61)/Vin)*Vin)*Fsw | AF61: =IF(K61>N61/2,0,ABS(K61-N61/2)*Vsd_Q1*Deadtime*Fsw) | AG61: =(AF61+AE61+AD61+AC61*(1+RdsonTopTc*Ta-RdsonTopTc*25))/(1-AC61*RdsonTopTc*ThetaJA_Q1) | AH61: =SQRT((1-M61))*SQRT(K61^2+(N61^2)/12) | AI61: =Rdson2*AH61^2 | AJ61: =IF(K61<N61/2,Deadtime*Fsw*IF(VfdSky_Q2>0,0,Vsd_Q2)*(K61+N61/2),2*Deadtime*Fsw*IF(VfdSky_Q2>0,0,Vsd_Q2)*K61) | AK61: =(AJ61+AI61*(1+RdsonBotTc*Ta-RdsonBotTc*25))/(1-AI61*RdsonBotTc*ThetaJA_Q2) | AL61: =2*Deadtime*Fsw*IF(VfdSky_Q2>0,VfdSky_Q2,Vsd_Q2)*K61 | AM61: =IF(QrrSky_Q2>0,QrrSky_Q2,Qrr_Q2*K61/(Iout/Number_of_Phases))*Fsw*Vin | AN61: =Rs*R61^2 | AO61: =Iq*Vin | AP61: =IF(Ext_VCC=1, (Qg_Q1+Qg_Q2)*Fsw*VCC, (Qg_Q1+Qg_Q2)*Fsw*Vin) | AQ61: =(Vin-VCC)*Fsw*(Qg_Q1+Qg_Q2)+(RdsonDRT+RdsonDRT2)*Fsw*Qg_Q1*VCC/(RdsonDRT+2*Rgate1+RdsonDRT2)+(RdsonDRB+RdsonDRB2)*Fsw*Qg_Q2*VCC/(RdsonDRB+2*Rgate2+RdsonDRB2) | AR61: =(Qg_Q1+Qg_Q2)*Fsw*(Vin-VCC) | AS61: =SUM(AO61:AP61) | AT61: =SUM(U61,X61,AA61,AG61,AK61,AL61,AM61,AS61,AN61) | AU61: =Vout*K61 | AV61: =AU61/(AU61+AT61) | AW61: =ThetaJA_Q1*BC61 | AX61: =ThetaJA_Q2*BD61 | AZ61: =AV61*100 | BA61: =U61 | BB61: =AG61+AK61+AM61 | BC61: =AG61+AM61*0.66 | BD61: =AK61+AM61*0.33 | BE61: =AN61
A62: θJA | B62: 30 | C62: °C/W | D62: Junction to Ambient Resistance | G62: 53 | H62: =Vin | I62: =MODE | J62: =Iout*G62/100 | K62: =Iout*G62/100/Number_of_Phases | L62: =Vout*K62/(Vin*Efficiency) | M62: =(Vout+(Rdson2+Rs+Rdcr)*K62)/(Vin+(Rs+Rdson2-Rdson1)*K62) | N62: =(Vin-(Rdson1+Rdcr)*K62-Vout)*M62/(Fsw*Lf) | O62: =K62+N62/2 | P62: =K62-N62/2 | Q62: =IF(MIN(Vin, -P62/(Coss_Q1+Coss_Q2)*0.00000002)<0, 0, MIN(Vin, -P62/(Coss_Q1+Coss_Q2)*0.00000002)) | R62: =SQRT(K62^2+(N62^2)/12) | S62: =R62^2*Rdcr | T62: =Core_Loss_Ch1 | U62: =(T62+S62*(1+Ltc*(Ta-25)))/(1-S62*Ltc*ThetaCa) | V62: =N62/SQRT(12) | W62: =RCoutEsr*V62^2 | X62: =W62 | Y62: =SQRT(M62*(1-M62))*SQRT(K62^2+(N62^2)/12) | Z62: =RCinEsr*Y62^2 | AA62: =Z62 | AB62: =SQRT(M62)*SQRT(K62^2+(N62^2)/12) | AC62: =Rdson1*AB62^2 | AD62: =(Vin*K62/2)*Fsw*(Tr_buck+Tf_buck) | AE62: =(0.5*Coss_Q1*(Vin-Q62)^2-0.5*Coss_Q2*(Vin-Q62)^2+(Qoss_Q2*(Vin-Q62)/Vin)*Vin)*Fsw | AF62: =IF(K62>N62/2,0,ABS(K62-N62/2)*Vsd_Q1*Deadtime*Fsw) | AG62: =(AF62+AE62+AD62+AC62*(1+RdsonTopTc*Ta-RdsonTopTc*25))/(1-AC62*RdsonTopTc*ThetaJA_Q1) | AH62: =SQRT((1-M62))*SQRT(K62^2+(N62^2)/12) | AI62: =Rdson2*AH62^2 | AJ62: =IF(K62<N62/2,Deadtime*Fsw*IF(VfdSky_Q2>0,0,Vsd_Q2)*(K62+N62/2),2*Deadtime*Fsw*IF(VfdSky_Q2>0,0,Vsd_Q2)*K62) | AK62: =(AJ62+AI62*(1+RdsonBotTc*Ta-RdsonBotTc*25))/(1-AI62*RdsonBotTc*ThetaJA_Q2) | AL62: =2*Deadtime*Fsw*IF(VfdSky_Q2>0,VfdSky_Q2,Vsd_Q2)*K62 | AM62: =IF(QrrSky_Q2>0,QrrSky_Q2,Qrr_Q2*K62/(Iout/Number_of_Phases))*Fsw*Vin | AN62: =Rs*R62^2 | AO62: =Iq*Vin | AP62: =IF(Ext_VCC=1, (Qg_Q1+Qg_Q2)*Fsw*VCC, (Qg_Q1+Qg_Q2)*Fsw*Vin) | AQ62: =(Vin-VCC)*Fsw*(Qg_Q1+Qg_Q2)+(RdsonDRT+RdsonDRT2)*Fsw*Qg_Q1*VCC/(RdsonDRT+2*Rgate1+RdsonDRT2)+(RdsonDRB+RdsonDRB2)*Fsw*Qg_Q2*VCC/(RdsonDRB+2*Rgate2+RdsonDRB2) | AR62: =(Qg_Q1+Qg_Q2)*Fsw*(Vin-VCC) | AS62: =SUM(AO62:AP62) | AT62: =SUM(U62,X62,AA62,AG62,AK62,AL62,AM62,AS62,AN62) | AU62: =Vout*K62 | AV62: =AU62/(AU62+AT62) | AW62: =ThetaJA_Q1*BC62 | AX62: =ThetaJA_Q2*BD62 | AZ62: =AV62*100 | BA62: =U62 | BB62: =AG62+AK62+AM62 | BC62: =AG62+AM62*0.66 | BD62: =AK62+AM62*0.33 | BE62: =AN62
A63: Theta Ja | B63: 2 | C63: °C/W | D63: Junction to Ambient Resistance | G63: 54 | H63: =Vin | I63: =MODE | J63: =Iout*G63/100 | K63: =Iout*G63/100/Number_of_Phases | L63: =Vout*K63/(Vin*Efficiency) | M63: =(Vout+(Rdson2+Rs+Rdcr)*K63)/(Vin+(Rs+Rdson2-Rdson1)*K63) | N63: =(Vin-(Rdson1+Rdcr)*K63-Vout)*M63/(Fsw*Lf) | O63: =K63+N63/2 | P63: =K63-N63/2 | Q63: =IF(MIN(Vin, -P63/(Coss_Q1+Coss_Q2)*0.00000002)<0, 0, MIN(Vin, -P63/(Coss_Q1+Coss_Q2)*0.00000002)) | R63: =SQRT(K63^2+(N63^2)/12) | S63: =R63^2*Rdcr | T63: =Core_Loss_Ch1 | U63: =(T63+S63*(1+Ltc*(Ta-25)))/(1-S63*Ltc*ThetaCa) | V63: =N63/SQRT(12) | W63: =RCoutEsr*V63^2 | X63: =W63 | Y63: =SQRT(M63*(1-M63))*SQRT(K63^2+(N63^2)/12) | Z63: =RCinEsr*Y63^2 | AA63: =Z63 | AB63: =SQRT(M63)*SQRT(K63^2+(N63^2)/12) | AC63: =Rdson1*AB63^2 | AD63: =(Vin*K63/2)*Fsw*(Tr_buck+Tf_buck) | AE63: =(0.5*Coss_Q1*(Vin-Q63)^2-0.5*Coss_Q2*(Vin-Q63)^2+(Qoss_Q2*(Vin-Q63)/Vin)*Vin)*Fsw | AF63: =IF(K63>N63/2,0,ABS(K63-N63/2)*Vsd_Q1*Deadtime*Fsw) | AG63: =(AF63+AE63+AD63+AC63*(1+RdsonTopTc*Ta-RdsonTopTc*25))/(1-AC63*RdsonTopTc*ThetaJA_Q1) | AH63: =SQRT((1-M63))*SQRT(K63^2+(N63^2)/12) | AI63: =Rdson2*AH63^2 | AJ63: =IF(K63<N63/2,Deadtime*Fsw*IF(VfdSky_Q2>0,0,Vsd_Q2)*(K63+N63/2),2*Deadtime*Fsw*IF(VfdSky_Q2>0,0,Vsd_Q2)*K63) | AK63: =(AJ63+AI63*(1+RdsonBotTc*Ta-RdsonBotTc*25))/(1-AI63*RdsonBotTc*ThetaJA_Q2) | AL63: =2*Deadtime*Fsw*IF(VfdSky_Q2>0,VfdSky_Q2,Vsd_Q2)*K63 | AM63: =IF(QrrSky_Q2>0,QrrSky_Q2,Qrr_Q2*K63/(Iout/Number_of_Phases))*Fsw*Vin | AN63: =Rs*R63^2 | AO63: =Iq*Vin | AP63: =IF(Ext_VCC=1, (Qg_Q1+Qg_Q2)*Fsw*VCC, (Qg_Q1+Qg_Q2)*Fsw*Vin) | AQ63: =(Vin-VCC)*Fsw*(Qg_Q1+Qg_Q2)+(RdsonDRT+RdsonDRT2)*Fsw*Qg_Q1*VCC/(RdsonDRT+2*Rgate1+RdsonDRT2)+(RdsonDRB+RdsonDRB2)*Fsw*Qg_Q2*VCC/(RdsonDRB+2*Rgate2+RdsonDRB2) | AR63: =(Qg_Q1+Qg_Q2)*Fsw*(Vin-VCC) | AS63: =SUM(AO63:AP63) | AT63: =SUM(U63,X63,AA63,AG63,AK63,AL63,AM63,AS63,AN63) | AU63: =Vout*K63 | AV63: =AU63/(AU63+AT63) | AW63: =ThetaJA_Q1*BC63 | AX63: =ThetaJA_Q2*BD63 | AZ63: =AV63*100 | BA63: =U63 | BB63: =AG63+AK63+AM63 | BC63: =AG63+AM63*0.66 | BD63: =AK63+AM63*0.33 | BE63: =AN63
G64: 55 | H64: =Vin | I64: =MODE | J64: =Iout*G64/100 | K64: =Iout*G64/100/Number_of_Phases | L64: =Vout*K64/(Vin*Efficiency) | M64: =(Vout+(Rdson2+Rs+Rdcr)*K64)/(Vin+(Rs+Rdson2-Rdson1)*K64) | N64: =(Vin-(Rdson1+Rdcr)*K64-Vout)*M64/(Fsw*Lf) | O64: =K64+N64/2 | P64: =K64-N64/2 | Q64: =IF(MIN(Vin, -P64/(Coss_Q1+Coss_Q2)*0.00000002)<0, 0, MIN(Vin, -P64/(Coss_Q1+Coss_Q2)*0.00000002)) | R64: =SQRT(K64^2+(N64^2)/12) | S64: =R64^2*Rdcr | T64: =Core_Loss_Ch1 | U64: =(T64+S64*(1+Ltc*(Ta-25)))/(1-S64*Ltc*ThetaCa) | V64: =N64/SQRT(12) | W64: =RCoutEsr*V64^2 | X64: =W64 | Y64: =SQRT(M64*(1-M64))*SQRT(K64^2+(N64^2)/12) | Z64: =RCinEsr*Y64^2 | AA64: =Z64 | AB64: =SQRT(M64)*SQRT(K64^2+(N64^2)/12) | AC64: =Rdson1*AB64^2 | AD64: =(Vin*K64/2)*Fsw*(Tr_buck+Tf_buck) | AE64: =(0.5*Coss_Q1*(Vin-Q64)^2-0.5*Coss_Q2*(Vin-Q64)^2+(Qoss_Q2*(Vin-Q64)/Vin)*Vin)*Fsw | AF64: =IF(K64>N64/2,0,ABS(K64-N64/2)*Vsd_Q1*Deadtime*Fsw) | AG64: =(AF64+AE64+AD64+AC64*(1+RdsonTopTc*Ta-RdsonTopTc*25))/(1-AC64*RdsonTopTc*ThetaJA_Q1) | AH64: =SQRT((1-M64))*SQRT(K64^2+(N64^2)/12) | AI64: =Rdson2*AH64^2 | AJ64: =IF(K64<N64/2,Deadtime*Fsw*IF(VfdSky_Q2>0,0,Vsd_Q2)*(K64+N64/2),2*Deadtime*Fsw*IF(VfdSky_Q2>0,0,Vsd_Q2)*K64) | AK64: =(AJ64+AI64*(1+RdsonBotTc*Ta-RdsonBotTc*25))/(1-AI64*RdsonBotTc*ThetaJA_Q2) | AL64: =2*Deadtime*Fsw*IF(VfdSky_Q2>0,VfdSky_Q2,Vsd_Q2)*K64 | AM64: =IF(QrrSky_Q2>0,QrrSky_Q2,Qrr_Q2*K64/(Iout/Number_of_Phases))*Fsw*Vin | AN64: =Rs*R64^2 | AO64: =Iq*Vin | AP64: =IF(Ext_VCC=1, (Qg_Q1+Qg_Q2)*Fsw*VCC, (Qg_Q1+Qg_Q2)*Fsw*Vin) | AQ64: =(Vin-VCC)*Fsw*(Qg_Q1+Qg_Q2)+(RdsonDRT+RdsonDRT2)*Fsw*Qg_Q1*VCC/(RdsonDRT+2*Rgate1+RdsonDRT2)+(RdsonDRB+RdsonDRB2)*Fsw*Qg_Q2*VCC/(RdsonDRB+2*Rgate2+RdsonDRB2) | AR64: =(Qg_Q1+Qg_Q2)*Fsw*(Vin-VCC) | AS64: =SUM(AO64:AP64) | AT64: =SUM(U64,X64,AA64,AG64,AK64,AL64,AM64,AS64,AN64) | AU64: =Vout*K64 | AV64: =AU64/(AU64+AT64) | AW64: =ThetaJA_Q1*BC64 | AX64: =ThetaJA_Q2*BD64 | AZ64: =AV64*100 | BA64: =U64 | BB64: =AG64+AK64+AM64 | BC64: =AG64+AM64*0.66 | BD64: =AK64+AM64*0.33 | BE64: =AN64
G65: 56 | H65: =Vin | I65: =MODE | J65: =Iout*G65/100 | K65: =Iout*G65/100/Number_of_Phases | L65: =Vout*K65/(Vin*Efficiency) | M65: =(Vout+(Rdson2+Rs+Rdcr)*K65)/(Vin+(Rs+Rdson2-Rdson1)*K65) | N65: =(Vin-(Rdson1+Rdcr)*K65-Vout)*M65/(Fsw*Lf) | O65: =K65+N65/2 | P65: =K65-N65/2 | Q65: =IF(MIN(Vin, -P65/(Coss_Q1+Coss_Q2)*0.00000002)<0, 0, MIN(Vin, -P65/(Coss_Q1+Coss_Q2)*0.00000002)) | R65: =SQRT(K65^2+(N65^2)/12) | S65: =R65^2*Rdcr | T65: =Core_Loss_Ch1 | U65: =(T65+S65*(1+Ltc*(Ta-25)))/(1-S65*Ltc*ThetaCa) | V65: =N65/SQRT(12) | W65: =RCoutEsr*V65^2 | X65: =W65 | Y65: =SQRT(M65*(1-M65))*SQRT(K65^2+(N65^2)/12) | Z65: =RCinEsr*Y65^2 | AA65: =Z65 | AB65: =SQRT(M65)*SQRT(K65^2+(N65^2)/12) | AC65: =Rdson1*AB65^2 | AD65: =(Vin*K65/2)*Fsw*(Tr_buck+Tf_buck) | AE65: =(0.5*Coss_Q1*(Vin-Q65)^2-0.5*Coss_Q2*(Vin-Q65)^2+(Qoss_Q2*(Vin-Q65)/Vin)*Vin)*Fsw | AF65: =IF(K65>N65/2,0,ABS(K65-N65/2)*Vsd_Q1*Deadtime*Fsw) | AG65: =(AF65+AE65+AD65+AC65*(1+RdsonTopTc*Ta-RdsonTopTc*25))/(1-AC65*RdsonTopTc*ThetaJA_Q1) | AH65: =SQRT((1-M65))*SQRT(K65^2+(N65^2)/12) | AI65: =Rdson2*AH65^2 | AJ65: =IF(K65<N65/2,Deadtime*Fsw*IF(VfdSky_Q2>0,0,Vsd_Q2)*(K65+N65/2),2*Deadtime*Fsw*IF(VfdSky_Q2>0,0,Vsd_Q2)*K65) | AK65: =(AJ65+AI65*(1+RdsonBotTc*Ta-RdsonBotTc*25))/(1-AI65*RdsonBotTc*ThetaJA_Q2) | AL65: =2*Deadtime*Fsw*IF(VfdSky_Q2>0,VfdSky_Q2,Vsd_Q2)*K65 | AM65: =IF(QrrSky_Q2>0,QrrSky_Q2,Qrr_Q2*K65/(Iout/Number_of_Phases))*Fsw*Vin | AN65: =Rs*R65^2 | AO65: =Iq*Vin | AP65: =IF(Ext_VCC=1, (Qg_Q1+Qg_Q2)*Fsw*VCC, (Qg_Q1+Qg_Q2)*Fsw*Vin) | AQ65: =(Vin-VCC)*Fsw*(Qg_Q1+Qg_Q2)+(RdsonDRT+RdsonDRT2)*Fsw*Qg_Q1*VCC/(RdsonDRT+2*Rgate1+RdsonDRT2)+(RdsonDRB+RdsonDRB2)*Fsw*Qg_Q2*VCC/(RdsonDRB+2*Rgate2+RdsonDRB2) | AR65: =(Qg_Q1+Qg_Q2)*Fsw*(Vin-VCC) | AS65: =SUM(AO65:AP65) | AT65: =SUM(U65,X65,AA65,AG65,AK65,AL65,AM65,AS65,AN65) | AU65: =Vout*K65 | AV65: =AU65/(AU65+AT65) | AW65: =ThetaJA_Q1*BC65 | AX65: =ThetaJA_Q2*BD65 | AZ65: =AV65*100 | BA65: =U65 | BB65: =AG65+AK65+AM65 | BC65: =AG65+AM65*0.66 | BD65: =AK65+AM65*0.33 | BE65: =AN65
A66: Outputs | G66: 57 | H66: =Vin | I66: =MODE | J66: =Iout*G66/100 | K66: =Iout*G66/100/Number_of_Phases | L66: =Vout*K66/(Vin*Efficiency) | M66: =(Vout+(Rdson2+Rs+Rdcr)*K66)/(Vin+(Rs+Rdson2-Rdson1)*K66) | N66: =(Vin-(Rdson1+Rdcr)*K66-Vout)*M66/(Fsw*Lf) | O66: =K66+N66/2 | P66: =K66-N66/2 | Q66: =IF(MIN(Vin, -P66/(Coss_Q1+Coss_Q2)*0.00000002)<0, 0, MIN(Vin, -P66/(Coss_Q1+Coss_Q2)*0.00000002)) | R66: =SQRT(K66^2+(N66^2)/12) | S66: =R66^2*Rdcr | T66: =Core_Loss_Ch1 | U66: =(T66+S66*(1+Ltc*(Ta-25)))/(1-S66*Ltc*ThetaCa) | V66: =N66/SQRT(12) | W66: =RCoutEsr*V66^2 | X66: =W66 | Y66: =SQRT(M66*(1-M66))*SQRT(K66^2+(N66^2)/12) | Z66: =RCinEsr*Y66^2 | AA66: =Z66 | AB66: =SQRT(M66)*SQRT(K66^2+(N66^2)/12) | AC66: =Rdson1*AB66^2 | AD66: =(Vin*K66/2)*Fsw*(Tr_buck+Tf_buck) | AE66: =(0.5*Coss_Q1*(Vin-Q66)^2-0.5*Coss_Q2*(Vin-Q66)^2+(Qoss_Q2*(Vin-Q66)/Vin)*Vin)*Fsw | AF66: =IF(K66>N66/2,0,ABS(K66-N66/2)*Vsd_Q1*Deadtime*Fsw) | AG66: =(AF66+AE66+AD66+AC66*(1+RdsonTopTc*Ta-RdsonTopTc*25))/(1-AC66*RdsonTopTc*ThetaJA_Q1) | AH66: =SQRT((1-M66))*SQRT(K66^2+(N66^2)/12) | AI66: =Rdson2*AH66^2 | AJ66: =IF(K66<N66/2,Deadtime*Fsw*IF(VfdSky_Q2>0,0,Vsd_Q2)*(K66+N66/2),2*Deadtime*Fsw*IF(VfdSky_Q2>0,0,Vsd_Q2)*K66) | AK66: =(AJ66+AI66*(1+RdsonBotTc*Ta-RdsonBotTc*25))/(1-AI66*RdsonBotTc*ThetaJA_Q2) | AL66: =2*Deadtime*Fsw*IF(VfdSky_Q2>0,VfdSky_Q2,Vsd_Q2)*K66 | AM66: =IF(QrrSky_Q2>0,QrrSky_Q2,Qrr_Q2*K66/(Iout/Number_of_Phases))*Fsw*Vin | AN66: =Rs*R66^2 | AO66: =Iq*Vin | AP66: =IF(Ext_VCC=1, (Qg_Q1+Qg_Q2)*Fsw*VCC, (Qg_Q1+Qg_Q2)*Fsw*Vin) | AQ66: =(Vin-VCC)*Fsw*(Qg_Q1+Qg_Q2)+(RdsonDRT+RdsonDRT2)*Fsw*Qg_Q1*VCC/(RdsonDRT+2*Rgate1+RdsonDRT2)+(RdsonDRB+RdsonDRB2)*Fsw*Qg_Q2*VCC/(RdsonDRB+2*Rgate2+RdsonDRB2) | AR66: =(Qg_Q1+Qg_Q2)*Fsw*(Vin-VCC) | AS66: =SUM(AO66:AP66) | AT66: =SUM(U66,X66,AA66,AG66,AK66,AL66,AM66,AS66,AN66) | AU66: =Vout*K66 | AV66: =AU66/(AU66+AT66) | AW66: =ThetaJA_Q1*BC66 | AX66: =ThetaJA_Q2*BD66 | AZ66: =AV66*100 | BA66: =U66 | BB66: =AG66+AK66+AM66 | BC66: =AG66+AM66*0.66 | BD66: =AK66+AM66*0.33 | BE66: =AN66
A67: Design | B67: Value | C67: Units | G67: 58 | H67: =Vin | I67: =MODE | J67: =Iout*G67/100 | K67: =Iout*G67/100/Number_of_Phases | L67: =Vout*K67/(Vin*Efficiency) | M67: =(Vout+(Rdson2+Rs+Rdcr)*K67)/(Vin+(Rs+Rdson2-Rdson1)*K67) | N67: =(Vin-(Rdson1+Rdcr)*K67-Vout)*M67/(Fsw*Lf) | O67: =K67+N67/2 | P67: =K67-N67/2 | Q67: =IF(MIN(Vin, -P67/(Coss_Q1+Coss_Q2)*0.00000002)<0, 0, MIN(Vin, -P67/(Coss_Q1+Coss_Q2)*0.00000002)) | R67: =SQRT(K67^2+(N67^2)/12) | S67: =R67^2*Rdcr | T67: =Core_Loss_Ch1 | U67: =(T67+S67*(1+Ltc*(Ta-25)))/(1-S67*Ltc*ThetaCa) | V67: =N67/SQRT(12) | W67: =RCoutEsr*V67^2 | X67: =W67 | Y67: =SQRT(M67*(1-M67))*SQRT(K67^2+(N67^2)/12) | Z67: =RCinEsr*Y67^2 | AA67: =Z67 | AB67: =SQRT(M67)*SQRT(K67^2+(N67^2)/12) | AC67: =Rdson1*AB67^2 | AD67: =(Vin*K67/2)*Fsw*(Tr_buck+Tf_buck) | AE67: =(0.5*Coss_Q1*(Vin-Q67)^2-0.5*Coss_Q2*(Vin-Q67)^2+(Qoss_Q2*(Vin-Q67)/Vin)*Vin)*Fsw | AF67: =IF(K67>N67/2,0,ABS(K67-N67/2)*Vsd_Q1*Deadtime*Fsw) | AG67: =(AF67+AE67+AD67+AC67*(1+RdsonTopTc*Ta-RdsonTopTc*25))/(1-AC67*RdsonTopTc*ThetaJA_Q1) | AH67: =SQRT((1-M67))*SQRT(K67^2+(N67^2)/12) | AI67: =Rdson2*AH67^2 | AJ67: =IF(K67<N67/2,Deadtime*Fsw*IF(VfdSky_Q2>0,0,Vsd_Q2)*(K67+N67/2),2*Deadtime*Fsw*IF(VfdSky_Q2>0,0,Vsd_Q2)*K67) | AK67: =(AJ67+AI67*(1+RdsonBotTc*Ta-RdsonBotTc*25))/(1-AI67*RdsonBotTc*ThetaJA_Q2) | AL67: =2*Deadtime*Fsw*IF(VfdSky_Q2>0,VfdSky_Q2,Vsd_Q2)*K67 | AM67: =IF(QrrSky_Q2>0,QrrSky_Q2,Qrr_Q2*K67/(Iout/Number_of_Phases))*Fsw*Vin | AN67: =Rs*R67^2 | AO67: =Iq*Vin | AP67: =IF(Ext_VCC=1, (Qg_Q1+Qg_Q2)*Fsw*VCC, (Qg_Q1+Qg_Q2)*Fsw*Vin) | AQ67: =(Vin-VCC)*Fsw*(Qg_Q1+Qg_Q2)+(RdsonDRT+RdsonDRT2)*Fsw*Qg_Q1*VCC/(RdsonDRT+2*Rgate1+RdsonDRT2)+(RdsonDRB+RdsonDRB2)*Fsw*Qg_Q2*VCC/(RdsonDRB+2*Rgate2+RdsonDRB2) | AR67: =(Qg_Q1+Qg_Q2)*Fsw*(Vin-VCC) | AS67: =SUM(AO67:AP67) | AT67: =SUM(U67,X67,AA67,AG67,AK67,AL67,AM67,AS67,AN67) | AU67: =Vout*K67 | AV67: =AU67/(AU67+AT67) | AW67: =ThetaJA_Q1*BC67 | AX67: =ThetaJA_Q2*BD67 | AZ67: =AV67*100 | BA67: =U67 | BB67: =AG67+AK67+AM67 | BC67: =AG67+AM67*0.66 | BD67: =AK67+AM67*0.33 | BE67: =AN67
A68: Dmax | B68: =D1_Vinmin | C68: index | G68: 59 | H68: =Vin | I68: =MODE | J68: =Iout*G68/100 | K68: =Iout*G68/100/Number_of_Phases | L68: =Vout*K68/(Vin*Efficiency) | M68: =(Vout+(Rdson2+Rs+Rdcr)*K68)/(Vin+(Rs+Rdson2-Rdson1)*K68) | N68: =(Vin-(Rdson1+Rdcr)*K68-Vout)*M68/(Fsw*Lf) | O68: =K68+N68/2 | P68: =K68-N68/2 | Q68: =IF(MIN(Vin, -P68/(Coss_Q1+Coss_Q2)*0.00000002)<0, 0, MIN(Vin, -P68/(Coss_Q1+Coss_Q2)*0.00000002)) | R68: =SQRT(K68^2+(N68^2)/12) | S68: =R68^2*Rdcr | T68: =Core_Loss_Ch1 | U68: =(T68+S68*(1+Ltc*(Ta-25)))/(1-S68*Ltc*ThetaCa) | V68: =N68/SQRT(12) | W68: =RCoutEsr*V68^2 | X68: =W68 | Y68: =SQRT(M68*(1-M68))*SQRT(K68^2+(N68^2)/12) | Z68: =RCinEsr*Y68^2 | AA68: =Z68 | AB68: =SQRT(M68)*SQRT(K68^2+(N68^2)/12) | AC68: =Rdson1*AB68^2 | AD68: =(Vin*K68/2)*Fsw*(Tr_buck+Tf_buck) | AE68: =(0.5*Coss_Q1*(Vin-Q68)^2-0.5*Coss_Q2*(Vin-Q68)^2+(Qoss_Q2*(Vin-Q68)/Vin)*Vin)*Fsw | AF68: =IF(K68>N68/2,0,ABS(K68-N68/2)*Vsd_Q1*Deadtime*Fsw) | AG68: =(AF68+AE68+AD68+AC68*(1+RdsonTopTc*Ta-RdsonTopTc*25))/(1-AC68*RdsonTopTc*ThetaJA_Q1) | AH68: =SQRT((1-M68))*SQRT(K68^2+(N68^2)/12) | AI68: =Rdson2*AH68^2 | AJ68: =IF(K68<N68/2,Deadtime*Fsw*IF(VfdSky_Q2>0,0,Vsd_Q2)*(K68+N68/2),2*Deadtime*Fsw*IF(VfdSky_Q2>0,0,Vsd_Q2)*K68) | AK68: =(AJ68+AI68*(1+RdsonBotTc*Ta-RdsonBotTc*25))/(1-AI68*RdsonBotTc*ThetaJA_Q2) | AL68: =2*Deadtime*Fsw*IF(VfdSky_Q2>0,VfdSky_Q2,Vsd_Q2)*K68 | AM68: =IF(QrrSky_Q2>0,QrrSky_Q2,Qrr_Q2*K68/(Iout/Number_of_Phases))*Fsw*Vin | AN68: =Rs*R68^2 | AO68: =Iq*Vin | AP68: =IF(Ext_VCC=1, (Qg_Q1+Qg_Q2)*Fsw*VCC, (Qg_Q1+Qg_Q2)*Fsw*Vin) | AQ68: =(Vin-VCC)*Fsw*(Qg_Q1+Qg_Q2)+(RdsonDRT+RdsonDRT2)*Fsw*Qg_Q1*VCC/(RdsonDRT+2*Rgate1+RdsonDRT2)+(RdsonDRB+RdsonDRB2)*Fsw*Qg_Q2*VCC/(RdsonDRB+2*Rgate2+RdsonDRB2) | AR68: =(Qg_Q1+Qg_Q2)*Fsw*(Vin-VCC) | AS68: =SUM(AO68:AP68) | AT68: =SUM(U68,X68,AA68,AG68,AK68,AL68,AM68,AS68,AN68) | AU68: =Vout*K68 | AV68: =AU68/(AU68+AT68) | AW68: =ThetaJA_Q1*BC68 | AX68: =ThetaJA_Q2*BD68 | AZ68: =AV68*100 | BA68: =U68 | BB68: =AG68+AK68+AM68 | BC68: =AG68+AM68*0.66 | BD68: =AK68+AM68*0.33 | BE68: =AN68
